Workbook

Sheet 1D
A1: 1D Steady Open Channel Network Solver
A3: Two-pass steady 1D workbook: subcritical backwater, supercritical forewater, mixed-flow specific-force selection, and spill routing to drain.
B4: Parameter | C4: Unit | D4: Value | H4: Fundamental Inputs | K4: Boundary | L4: Segment | M4: End | N4: Type | O4: Value | P4: Resolved Stage | Q4: Remarks
B5: Total inflow Q | C5: m3/s | D5: 51 | G5: Acceleration g | H5: m/s2 | I5: 9.81 | K5: Inlet-UsProject | L5: UsProject | M5: start | N5: Known WSE | O5: 637 | P5: =IF(OR(N5="Known WSE", N5="Known WS"), O5, IF(N5="Known Depth", (J31)+(O5), IF(N5="Normal Depth", (J31)+(MAX($D$16, POWER((ABS(N31)*$D$6)/(MAX(F31, 0.1)*SQRT(MAX(ABS((K31-J31)/MAX(E31, 0.000001)), $D$17))), 3/5))), IF(N5="Critical Depth", (J31)+(MAX($D$16, POWER((ABS(N31)^2)/($I$5*MAX(F31, 0.1)^2), 1/3))), IF(OR(N5="Dead End", N5="None", N5="Spill End"), IF(O5="", (J31)+$D$16, O5), IF(N5="Spill Zero", (J31)+$D$16, (J31)+(MAX($D$16, POWER((ABS(N31)*$D$6)/(MAX(F31, 0.1)*SQRT(MAX(ABS((K31-J31)/MAX(E31, 0.000001)), $D$17))), 3/5))))))))) -> 637 | Q5: Master inlet boundary
B6: Manning n | C6: - | D6: 0.015 | G6: Density rho | H6: kg/m3 | I6: 998.2 | K6: Outlet-UsExit | L6: UsExit | M6: end | N6: Dead End | O6: 637 | P6: =IF($D$20=0, IFERROR(P6, IF(O6="", $I$13, O6)), IF($I$25=0, IFERROR(P6, IF(O6="", $I$13, O6)), IF(ABS((($I$13)-IFERROR(UsExit!AA10, $I$13)))<$D$19, IFERROR(P6, IF(O6="", $I$13, O6)), MAX((K33)+$D$16, IFERROR(P6, IF(O6="", $I$13, O6))+($D$13*((($I$13)-IFERROR(UsExit!AA10, $I$13)))))))) -> 648.78436 | Q6: Dead End outlet; dummy reach resolves downstream stage only to maintain the solved upstream junction energy.
B7: Default bank slope | C7: H:V | D7: 0 | G7: Allowed BC types | H7: - | I7: Known WSE / Known Depth / Normal Depth / Critical Depth / Dead End / Spill End / Spill Zero | K7: Outlet-forebay | L7: forebay | M7: end | N7: Spill End | O7: 635.5 | P7: =IF($D$20=0, IFERROR(P7, IF(O7="", $I$14, O7)), IF($I$26=0, IFERROR(P7, IF(O7="", $I$14, O7)), IF((MAX(0, forebay!K48-((forebay!AM48)+(forebay!AN48))-0.05))>$D$19, MAX((K34)+$D$16, IFERROR(P7, IF(O7="", $I$14, O7))+(MIN(0.05, MAX(0.005, $D$13*(MAX(0, forebay!K48-((forebay!AM48)+(forebay!AN48))-0.05))/MAX(ABS(N34), 1))))), IF(ABS((($I$14)-IFERROR(forebay!AA10, $I$14)))<$D$19, IFERROR(P7, IF(O7="", $I$14, O7)), MAX((K34)+$D$16, IFERROR(P7, IF(O7="", $I$14, O7))+($D$13*((($I$14)-IFERROR(forebay!AA10, $I$14))))))))) -> 635.5 | Q7: Spill End outlet; lateral spill is capacity-limited and the downstream stage rises when spill capacity is short.
B8: Expansion coeff Ke | C8: - | D8: 0.3 | K8: Outlet-sidechannel | L8: sidechannel | M8: end | N8: Spill End | O8: 635.5 | P8: =IF($D$20=0, IFERROR(P8, IF(O8="", $I$14, O8)), IF($I$26=0, IFERROR(P8, IF(O8="", $I$14, O8)), IF((MAX(0, sidechannel!K45-((sidechannel!AM45)+(sidechannel!AN45))-0.05))>$D$19, MAX((K35)+$D$16, IFERROR(P8, IF(O8="", $I$14, O8))+(MIN(0.05, MAX(0.005, $D$13*(MAX(0, sidechannel!K45-((sidechannel!AM45)+(sidechannel!AN45))-0.05))/MAX(ABS(N35), 1))))), IF(ABS((($I$14)-IFERROR(sidechannel!AA10, $I$14)))<$D$19, IFERROR(P8, IF(O8="", $I$14, O8)), MAX((K35)+$D$16, IFERROR(P8, IF(O8="", $I$14, O8))+($D$13*((($I$14)-IFERROR(sidechannel!AA10, $I$14))))))))) -> 635.5 | Q8: Spill End outlet; lateral spill is capacity-limited and the downstream stage rises when spill capacity is short.
B9: Contraction coeff Kc | C9: - | D9: 0.1 | K9: Inlet-drain | L9: drain | M9: start | N9: Spill Zero | P9: =IF(OR(N9="Known WSE", N9="Known WS"), O9, IF(N9="Known Depth", (J36)+(O9), IF(N9="Normal Depth", (J36)+(MAX($D$16, POWER((ABS(N36)*$D$6)/(MAX(F36, 0.1)*SQRT(MAX(ABS((K36-J36)/MAX(E36, 0.000001)), $D$17))), 3/5))), IF(N9="Critical Depth", (J36)+(MAX($D$16, POWER((ABS(N36)^2)/($I$5*MAX(F36, 0.1)^2), 1/3))), IF(OR(N9="Dead End", N9="None", N9="Spill End"), IF(O9="", (J36)+$D$16, O9), IF(N9="Spill Zero", (J36)+$D$16, (J36)+(MAX($D$16, POWER((ABS(N36)*$D$6)/(MAX(F36, 0.1)*SQRT(MAX(ABS((K36-J36)/MAX(E36, 0.000001)), $D$17))), 3/5))))))))) -> 631.55 | Q9: Master inlet boundary
B10: Bend coeff Kb | C10: - | D10: 0.15 | K10: Outlet-drain | L10: drain | M10: end | N10: Known WSE | O10: 625 | P10: =IF(OR(N10="Known WSE", N10="Known WS"), O10, IF(N10="Known Depth", (K36)+(O10), IF(N10="Normal Depth", (K36)+(MAX($D$16, POWER((ABS(P36)*$D$6)/(MAX(G36, 0.1)*SQRT(MAX(ABS((K36-J36)/MAX(E36, 0.000001)), $D$17))), 3/5))), IF(N10="Critical Depth", (K36)+(MAX($D$16, POWER((ABS(P36)^2)/($I$5*MAX(G36, 0.1)^2), 1/3))), IF(OR(N10="Dead End", N10="None", N10="Spill End"), IF(O10="", (K36)+$D$16, O10), IF(N10="Spill Zero", (K36)+$D$16, (K36)+(MAX($D$16, POWER((ABS(P36)*$D$6)/(MAX(G36, 0.1)*SQRT(MAX(ABS((K36-J36)/MAX(E36, 0.000001)), $D$17))), 3/5))))))))) -> 625 | Q10: Master outlet boundary
B11: Junction coeff base | C11: - | D11: 0.75 | G11: Final alpha J1 | H11: - | I11: =IF($D$20=0, IFERROR($I$11, $D$23), IF(OR(N6="Dead End", N6="None"), MIN(0.98, MAX(0.02, MAX(0, 1-(N33/MAX($D$5, 0.000001))))), MIN(0.98, MAX(0.02, IFERROR($I$11, $D$23)+($D$14*(((IFERROR(UsExit!AI10, IFERROR(UsExit!AA10, $I$13))-IFERROR(waterway!AI10, IFERROR(waterway!AA10, $I$13))))/MAX(ABS($I$13), 1))))))) -> 0.98
B12: Spill coeff Cw | C12: - | D12: 1.7 | G12: Final alpha J2 | H12: - | I12: =IF($D$20=0, IFERROR($I$12, $D$24), IF(AND(OR(N7="Dead End", N7="None"), OR(N8="Dead End", N8="None")), MIN(0.98, MAX(0.02, IFERROR(N34/MAX(N32, 0.000001), IFERROR($I$12, $D$24)))), IF(OR(N8="Dead End", N8="None"), 1, IF(OR(N7="Dead End", N7="None"), 0, MIN(0.98, MAX(0.02, IFERROR($I$12, $D$24)+($D$14*(((IFERROR(sidechannel!AI10, IFERROR(sidechannel!AA10, $I$14))-IFERROR(forebay!AI10, IFERROR(forebay!AA10, $I$14))))/MAX(ABS($I$14), 1))))))))) -> 0.02
B13: Stage relaxation | C13: - | D13: 0.35 | G13: Final J1 WSE | H13: m | I13: =IF($D$20=0, $D$21, IF(ABS($I$16)<$D$19, (IFERROR($I$13, $D$21)), MAX((K31)+$D$16, (IFERROR($I$13, $D$21))+($D$13*$I$16)))) -> 637
B14: Split relaxation | C14: - | D14: 0.08 | G14: Final J2 WSE | H14: m | I14: =IF($D$20=0, $D$22, IF(ABS($I$17)<$D$19, (IFERROR($I$14, $D$22)), MAX((K32)+$D$16, (IFERROR($I$14, $D$22))+($D$13*$I$17)))) -> 644.50593
B15: Junction energy weight | C15: - | D15: 0.05 | G15: Total spill to drain | H15: m3/s | I15: =IFERROR(N36, 0) -> 0.05
B16: Minimum depth | C16: m | D16: 0.05 | G16: J1 junction error | H16: m | I16: =IFERROR($I$18-IFERROR($I$13, $D$21), 0) -> -0.00082745563
B17: Boundary slope | C17: - | D17: 0.001 | G17: J2 junction error | H17: m | I17: =IFERROR($I$19-IFERROR($I$14, $D$22), 0) -> -0.00083851967
B18: Profile relaxation | C18: - | D18: 0.15 | G18: J1 target WSE | H18: m | I18: =IFERROR((IFERROR($I$13, $D$21))+((IF(OR(N6="Dead End", N6="None"), (IFERROR((waterway!AJ10)+IF(OR(N6="Dead End", N6="None"), 0, T32), IFERROR(waterway!AI10, IFERROR(waterway!AA10, $D$21)))), ((ABS(N32)*(IFERROR((waterway!AJ10)+IF(OR(N6="Dead End", N6="None"), 0, T32), IFERROR(waterway!AI10, IFERROR(waterway!AA10, $D$21))))+ABS(N33)*(IFERROR((UsExit!AJ10)+T33, IFERROR(UsExit!AI10, IFERROR(UsExit!AA10, $D$21)))))/MAX(ABS(N32)+ABS(N33), 0.000001))))-(IFERROR(UsProject!AJ21, IFERROR(UsProject!P21, $D$21)))), IFERROR($I$13, $D$21)) -> 636.99917
B19: Profile tolerance | C19: m | D19: 0.001 | G19: J2 target WSE | H19: m | I19: =IFERROR((IFERROR($I$14, $D$22))+((IF((IF(OR(N7="Dead End", N7="None"), 0, ABS(N34)))+(IF(OR(N8="Dead End", N8="None"), 0, ABS(N35)))<=0.000001, (IFERROR(waterway!AJ1396, IFERROR(waterway!P1396, $D$22))), ((IF(OR(N7="Dead End", N7="None"), 0, ABS(N34)))*(IFERROR((forebay!AJ10)+T34, IFERROR(forebay!AI10, IFERROR(forebay!AA10, $D$22))))+(IF(OR(N8="Dead End", N8="None"), 0, ABS(N35)))*(IFERROR((sidechannel!AJ10)+T35, IFERROR(sidechannel!AI10, IFERROR(sidechannel!AA10, $D$22)))))/MAX((IF(OR(N7="Dead End", N7="None"), 0, ABS(N34)))+(IF(OR(N8="Dead End", N8="None"), 0, ABS(N35))), 0.000001)))-(IFERROR(waterway!AJ1396, IFERROR(waterway!P1396, $D$22)))), IFERROR($I$14, $D$22)) -> 644.50509
B20: Reset (0: Hold, 1: Eval) | C20: - | D20: 1 | G20: UsProject done | H20: - | I20: =IFERROR(MIN(UsProject!V10:'UsProject'!V21, UsProject!AG10:'UsProject'!AG21), 0) -> 1
B21: J1 initial WSE | C21: m | D21: 637 | G21: waterway done | H21: - | I21: =IFERROR(MIN(waterway!V10:'waterway'!V1396, waterway!AG10:'waterway'!AG1396), 0) -> 0
B22: J2 initial WSE | C22: m | D22: 636 | G22: UsExit done | H22: - | I22: =IFERROR(MIN(UsExit!V10:'UsExit'!V28, UsExit!AG10:'UsExit'!AG28), 0) -> 0
B23: alpha J1 initial | C23: - | D23: 0.65 | G23: forebay done | H23: - | I23: =IFERROR(MIN(forebay!V10:'forebay'!V48, forebay!AG10:'forebay'!AG48), 0) -> 0
B24: alpha J2 initial | C24: - | D24: 0.65 | G24: sidechannel done | H24: - | I24: =IFERROR(MIN(sidechannel!V10:'sidechannel'!V45, sidechannel!AG10:'sidechannel'!AG45), 0) -> 0
B25: Spill relaxation | C25: - | D25: 0.2 | G25: J1 ready | H25: - | I25: =IFERROR(IF(OR(N6="Dead End", N6="None"), MIN($I$20, $I$21), MIN($I$20, $I$21, $I$22)), 0) -> 0
A26: Junction Internal Boundary Conditions | G26: J2 ready | H26: - | I26: =IFERROR(MIN($I$21, IF(OR(N7="Dead End", N7="None"), 1, $I$23), IF(OR(N8="Dead End", N8="None"), 1, $I$24)), 0) -> 0
A27: Junction WSE cells iterate directly from the reach passes: forward-pass junction stage from the upstream reach and backward-pass junction stages from the connected downstream reaches are compared each recalculation, the junction error is relaxed in small increments, and the updated node stage is fed back into the reach passes.
A30: Segment | B30: From | C30: To | D30: Pts | E30: Length | F30: b_start | G30: b_end | H30: z_start | I30: z_end | J30: bed_start | K30: bed_end | L30: WS_start | M30: WS_end | N30: Q_in | O30: Q_spill | P30: Q_out | Q30: y_avg | R30: Sf_avg | S30: hf | T30: h_junc | U30: h_total | V30: Profile | W30: Start ang | X30: End ang
A31: UsProject | B31: Inlet | C31: Junction1 | D31: 12 | E31: 10.742 | F31: 6.003 | G31: 6.558 | H31: 0 | I31: 0 | J31: 634.32 | K31: 634.298 | L31: =IFERROR(UsProject!AI10, IFERROR(P5, 0)) -> 637 | M31: =IFERROR(UsProject!AI21, IFERROR($I$13, 0)) -> 637 | N31: =$D$5 -> 51 | O31: =IFERROR(_xludf.AGGREGATE(9, 6, UsProject!AO10:'UsProject'!AO21), 0) -> 0 | P31: =MAX(0, IFERROR(UsProject!K21, 0)-IFERROR(UsProject!AO21, 0)-0) -> 51 | Q31: =IFERROR(_xludf.AGGREGATE(1, 6, UsProject!AH10:'UsProject'!AH21), 0) -> 0 | R31: =IFERROR(_xludf.AGGREGATE(1, 6, UsProject!AS10:'UsProject'!AS21), 0) -> 0 | S31: =IFERROR(E31*R31, 0) -> 0 | T31: 0 | U31: =S31+T31 -> 0 | V31: Mixed | W31: -118.025 | X31: -117.982
A32: waterway | B32: Junction1 | C32: Junction2 | D32: 1387 | E32: 1385.515 | F32: 6.558 | G32: 10.206 | H32: 0 | I32: 0 | J32: 634.298 | K32: 631.875 | L32: =IFERROR(waterway!AI10, IFERROR($I$13, 0)) -> 637 | M32: =IFERROR(waterway!AI1396, IFERROR($I$14, 0)) -> 644.50593 | N32: =IF(OR(N6="Dead End", N6="None"), MAX(0, $D$5-N33), $D$5*$I$11) -> 50.95 | O32: =IFERROR(_xludf.AGGREGATE(9, 6, waterway!AO10:'waterway'!AO1396), 0) -> 0 | P32: =MAX(0, IFERROR(waterway!K1396, 0)-IFERROR(waterway!AO1396, 0)-0) -> 50.95 | Q32: =IFERROR(_xludf.AGGREGATE(1, 6, waterway!AH10:'waterway'!AH1396), 0) -> 0 | R32: =IFERROR(_xludf.AGGREGATE(1, 6, waterway!AS10:'waterway'!AS1396), 0) -> 0 | S32: =IFERROR(E32*R32, 0) -> 0 | T32: =IF(OR(N6="Dead End", N6="None"), 0, ($D$11*0.13607488*(ABS(N33)/MAX(ABS($D$5), 0.000001))^2*MAX(((ABS(N32)/MAX(((F32)+(H32)*(MAX($D$16, ($I$13)-(J32))))*(MAX($D$16, ($I$13)-(J32))), 0.000001))^2)/(2*$I$5), ((ABS(N32)/MAX(((G32)+(I32)*(MAX($D$16, ($I$14)-(K32))))*(MAX($D$16, ($I$14)-(K32))), 0.000001))^2)/(2*$I$5)))) -> 0 | U32: =S32+T32 -> 0 | V32: Mixed | W32: -161.275 | X32: -90
A33: UsExit | B33: Junction1 | C33: Outlet | D33: 19 | E33: 17.255 | F33: 6.558 | G33: 5.994 | H33: 0 | I33: 0 | J33: 634.298 | K33: 634.262 | L33: =IFERROR(UsExit!AI10, IFERROR($I$13, 0)) -> 648.79911 | M33: =IFERROR(UsExit!AI28, IFERROR(P6, 0)) -> 648.78436 | N33: =IF(OR(N6="Dead End", N6="None"), MAX(0.05, IFERROR(O33, 0)+0.05), MAX(0, $D$5-N32)) -> 0.05 | O33: =IFERROR(_xludf.AGGREGATE(9, 6, UsExit!AO10:'UsExit'!AO28), 0) -> 0 | P33: 0 | Q33: =IFERROR(_xludf.AGGREGATE(1, 6, UsExit!AH10:'UsExit'!AH28), 0) -> 0 | R33: =IFERROR(_xludf.AGGREGATE(1, 6, UsExit!AS10:'UsExit'!AS28), 0) -> 0 | S33: =IFERROR(E33*R33, 0) -> 0 | T33: =IF(OR(N6="Dead End", N6="None"), 0, ($D$11*0.00000015*(ABS(N32)/MAX(ABS($D$5), 0.000001))^2*MAX(((ABS(N33)/MAX(((F33)+(H33)*(MAX($D$16, ($I$13)-(J33))))*(MAX($D$16, ($I$13)-(J33))), 0.000001))^2)/(2*$I$5), ((ABS(N33)/MAX(((G33)+(I33)*(MAX($D$16, (IF(OR(N6="Dead End", N6="None"), P6, P6))-(K33))))*(MAX($D$16, (IF(OR(N6="Dead End", N6="None"), P6, P6))-(K33))), 0.000001))^2)/(2*$I$5)))) -> 0 | U33: =S33+T33 -> 0 | V33: Mixed | W33: -118.025 | X33: -117.874
A34: forebay | B34: Junction2 | C34: Outlet | D34: 39 | E34: 38 | F34: 10.206 | G34: 5.005 | H34: 0 | I34: 0 | J34: 631.875 | K34: 621.978 | L34: =IFERROR(forebay!AI10, IFERROR($I$14, 0)) -> 644.50593 | M34: =IFERROR(forebay!AI48, IFERROR(P7, 0)) -> 635.5 | N34: =IF(AND(OR(N7="Dead End", N7="None"), OR(N8="Dead End", N8="None")), MAX(0, N32*$I$12), IF(OR(N7="Dead End", N7="None"), MAX(0.05, IFERROR(O34, 0)+0.05), IF(OR(N8="Dead End", N8="None"), MAX(0, N32-N35), N32*$I$12))) -> 1.019 | O34: =IFERROR(_xludf.AGGREGATE(9, 6, forebay!AO10:'forebay'!AO48), 0) -> 0 | P34: 0 | Q34: =IFERROR(_xludf.AGGREGATE(1, 6, forebay!AH10:'forebay'!AH48), 0) -> 0 | R34: =IFERROR(_xludf.AGGREGATE(1, 6, forebay!AS10:'forebay'!AS48), 0) -> 0 | S34: =IFERROR(E34*R34, 0) -> 0 | T34: =IF(OR(OR(N7="Dead End", N7="None"), OR(N8="Dead End", N8="None")), 0, 0) -> 0 | U34: =S34+T34 -> 0 | V34: Mixed | W34: -90 | X34: -90
A35: sidechannel | B35: Junction2 | C35: Outlet | D35: 36 | E35: 34.931 | F35: 10.206 | G35: 3.82 | H35: 0 | I35: 0 | J35: 631.5 | K35: 631.5 | L35: =IFERROR(sidechannel!AI10, IFERROR($I$14, 0)) -> 644.50593 | M35: =IFERROR(sidechannel!AI45, IFERROR(P8, 0)) -> 635.5 | N35: =IF(AND(OR(N7="Dead End", N7="None"), OR(N8="Dead End", N8="None")), MAX(0, N32-N34), IF(OR(N8="Dead End", N8="None"), MAX(0.05, IFERROR(O35, 0)+0.05), IF(OR(N7="Dead End", N7="None"), MAX(0, N32-N34), MAX(0, N32-N34)))) -> 49.931 | O35: =IFERROR(_xludf.AGGREGATE(9, 6, sidechannel!AO10:'sidechannel'!AO45), 0) -> 0 | P35: 0 | Q35: =IFERROR(_xludf.AGGREGATE(1, 6, sidechannel!AH10:'sidechannel'!AH45), 0) -> 0 | R35: =IFERROR(_xludf.AGGREGATE(1, 6, sidechannel!AS10:'sidechannel'!AS45), 0) -> 0 | S35: =IFERROR(E35*R35, 0) -> 0 | T35: =IF(OR(OR(N7="Dead End", N7="None"), OR(N8="Dead End", N8="None")), 0, ($D$11*0.34699541*(ABS(N34)/MAX(ABS(N32), 0.000001))^2*MAX(((ABS(N35)/MAX(((F35)+(H35)*(MAX($D$16, ($I$14)-(J35))))*(MAX($D$16, ($I$14)-(J35))), 0.000001))^2)/(2*$I$5), ((ABS(N35)/MAX(((G35)+(I35)*(MAX($D$16, (P8)-(K35))))*(MAX($D$16, (P8)-(K35))), 0.000001))^2)/(2*$I$5)))) -> 5.6655203e-05 | U35: =S35+T35 -> 5.6655203e-05 | V35: Mixed | W35: -17.819 | X35: -85.755
A36: drain | B36: Inlet | C36: Outlet | D36: 47 | E36: 45.363 | F36: 2.05 | G36: 3.2 | H36: 0 | I36: 0 | J36: 631.5 | K36: 622 | L36: =IFERROR(drain!AI10, IFERROR(P9, 0)) -> 634.5 | M36: =IFERROR(drain!AI56, IFERROR(P10, 0)) -> 625 | N36: =IF(N9="Spill Zero", 0.05, O34+O35) -> 0.05 | O36: 0 | P36: =MAX(0, IFERROR(drain!K56, 0)-IFERROR(drain!AO56, 0)-0.05) -> 0.86561327 | Q36: =IFERROR(_xludf.AGGREGATE(1, 6, drain!AH10:'drain'!AH56), 0) -> 0 | R36: =IFERROR(_xludf.AGGREGATE(1, 6, drain!AS10:'drain'!AS56), 0) -> 0 | S36: =IFERROR(E36*R36, 0) -> 0 | T36: 0 | U36: =S36+T36 -> 0 | V36: Mixed | W36: -65.101 | X36: -90.405

Sheet Sheet1

Sheet UsProject
A1: Reset | B1: Channel | C1: Type | D1: Length | E1: US Condition | F1: US Discharge | G1: US Boundary Condition | H1: Value | I1: DS Condition | J1: DS Discharge | K1: DS Boundary Condition | L1: Value
A2: 1 | B2: ='1D'!A31 -> UsProject | C2: =H10 -> Normal | D2: ='1D'!E31 -> 10.742 | E2: =IF(OR('1D'!B31="Inlet",'1D'!B31="Outlet"),'1D'!B31,"Junction") -> Inlet | F2: ='1D'!N31 -> 51 | G2: ='1D'!N5 -> Known WSE | H2: ='1D'!P5 -> 637 | I2: =IF(OR('1D'!C31="Inlet",'1D'!C31="Outlet"),'1D'!C31,"Junction") -> Junction | J2: ='1D'!P31 -> 51 | K2: Junction | L2: ='1D'!$I$13 -> 637
A4: Water Surface Elevation (WSE) | B4: Initial | C4: Forward Pass | D4: Backward Pass | E4: Final
A5: Upstream | B5: =$H$2 -> 637 | C5: =P10 -> 637 | D5: =AA10 -> 636.95045 | E5: =AI10 -> 637
A6: Downstream | B6: =$L$2 -> 637 | C6: =P21 -> 635.79642 | D6: =AA21 -> 637 | E6: =AI21 -> 637
A8: SN | B8: Dist | C8: Easting | D8: Northing | E8: Bed Z | F8: Width | G8: Side z | H8: Type | I8: Def Ang | J8: dx | K8: Q_used | L8: y_super | M8: A_super | N8: R_super | O8: v_super | P8: WS_super | Q8: EG_super | R8: Sf_super | S8: Fr_super | T8: M_super | U8: Err_super | V8: Done_super | W8: y_sub | X8: A_sub | Y8: R_sub | Z8: v_sub | AA8: WS_sub | AB8: EG_sub | AC8: Sf_sub | AD8: Fr_sub | AE8: M_sub | AF8: Err_sub | AG8: Done_sub | AH8: y_final | AI8: WS_final | AJ8: EG_final | AK8: Crest_L | AL8: Crest_R | AM8: Spill_L | AN8: Spill_R | AO8: Spill_Q | AP8: Cum_spill | AQ8: Fr_final | AR8: Regime | AS8: Sf_final
A9: - | B9: m | C9: m | D9: m | E9: m | F9: m | G9: - | H9: - | I9: deg | J9: m | K9: m3/s | L9: m | M9: m2 | N9: m | O9: m/s | P9: m | Q9: m | R9: - | S9: - | T9: m3 | U9: m | V9: - | W9: m | X9: m2 | Y9: m | Z9: m/s | AA9: m | AB9: m | AC9: - | AD9: - | AE9: m3 | AF9: m | AG9: - | AH9: m | AI9: m | AJ9: m | AK9: m | AL9: m | AM9: m3/s | AN9: m3/s | AO9: m3/s | AP9: m3/s | AQ9: - | AR9: - | AS9: -
A10: 1 | B10: 0 | C10: 616561.06 | D10: 3097769.9 | E10: 634.32 | F10: 6.003 | G10: 0 | H10: Normal | I10: 0 | J10: 0 | K10: =$F$2 -> 51 | L10: =MAX('1D'!$D$16, ($H$2)-E10) -> 2.68 | M10: =((F10)+(G10)*(L10))*(L10) -> 16.08804 | N10: =(((F10)+(G10)*(L10))*(L10))/MAX((F10)+2*(L10)*SQRT(1+(G10)^2), 0.000001) -> 1.4158268 | O10: =ABS(K10)/MAX(((F10)+(G10)*(L10))*(L10), 0.000001) -> 3.1700568 | P10: =E10+L10 -> 637 | Q10: =P10+((ABS(K10)/MAX(((F10)+(G10)*(L10))*(L10), 0.000001))^2)/(2*'1D'!$I$5) -> 637.51219 | R10: =((ABS(K10)*'1D'!$D$6)/(MAX(((F10)+(G10)*(L10))*(L10), 0.000001)*MAX(((((F10)+(G10)*(L10))*(L10))/MAX((F10)+2*(L10)*SQRT(1+(G10)^2), 0.000001))^(2/3), 0.000001)))^2 -> 0.0014222297 | S10: =ABS(ABS(K10)/MAX(((F10)+(G10)*(L10))*(L10), 0.000001))/SQRT('1D'!$I$5*MAX((((F10)+(G10)*(L10))*(L10))/MAX((F10)+2*(G10)*(L10), 0.000001), 0.000001)) -> 0.61825144 | T10: =((F10)*(L10)^2)/2+(G10)*(L10)^3/3+(ABS(K10)^2)/('1D'!$I$5*MAX(((F10)+(G10)*(L10))*(L10), 0.000001)) -> 38.038391 | U10: 0 | V10: 1 | W10: =IF($A$2=0, MAX(MAX('1D'!$D$16, MAX('1D'!$D$16, POWER((ABS(K10)^2)/('1D'!$I$5*MAX(F10, 0.1)^2), 1/3))), IFERROR(W21, MAX(MAX('1D'!$D$16, MAX('1D'!$D$16, POWER((ABS(K10)^2)/('1D'!$I$5*MAX(F10, 0.1)^2), 1/3))), ($L$2)-E21))), IF(IFERROR(AG11, 0)=0, MAX(MAX('1D'!$D$16, MAX('1D'!$D$16, POWER((ABS(K10)^2)/('1D'!$I$5*MAX(F10, 0.1)^2), 1/3))), IFERROR(W21, MAX(MAX('1D'!$D$16, MAX('1D'!$D$16, POWER((ABS(K10)^2)/('1D'!$I$5*MAX(F10, 0.1)^2), 1/3))), ($L$2)-E21))), IF(IFERROR(W10, 0)=0, MAX(MAX('1D'!$D$16, MAX('1D'!$D$16, POWER((ABS(K10)^2)/('1D'!$I$5*MAX(F10, 0.1)^2), 1/3))), IFERROR(W21, MAX(MAX('1D'!$D$16, MAX('1D'!$D$16, POWER((ABS(K10)^2)/('1D'!$I$5*MAX(F10, 0.1)^2), 1/3))), ($L$2)-E21))), IF(OR(IFERROR(AD10, 0)>=1, IFERROR(AD11, 0)>=1), MAX('1D'!$D$16, MAX('1D'!$D$16, POWER((ABS(K10)^2)/('1D'!$I$5*MAX(F10, 0.1)^2), 1/3))), IF(ABS(IFERROR(AF10, 0))<'1D'!$D$19, MAX(MAX('1D'!$D$16, MAX('1D'!$D$16, POWER((ABS(K10)^2)/('1D'!$I$5*MAX(F10, 0.1)^2), 1/3))), IFERROR(W10, 0)), MAX(MAX('1D'!$D$16, MAX('1D'!$D$16, POWER((ABS(K10)^2)/('1D'!$I$5*MAX(F10, 0.1)^2), 1/3))), (IFERROR(W10, 0))+((IFERROR(AF10, 0))*'1D'!$D$18))))))) -> 2.630446 | X10: =((F10)+(G10)*(W10))*(W10) -> 15.790567 | Y10: =(((F10)+(G10)*(W10))*(W10))/MAX((F10)+2*(W10)*SQRT(1+(G10)^2), 0.000001) -> 1.4018749 | Z10: =ABS(K10)/MAX(((F10)+(G10)*(W10))*(W10), 0.000001) -> 3.2297763 | AA10: =E10+W10 -> 636.95045 | AB10: =AA10+((ABS(K10)/MAX(((F10)+(G10)*(W10))*(W10), 0.000001))^2)/(2*'1D'!$I$5) -> 637.48212 | AC10: =((ABS(K10)*'1D'!$D$6)/(MAX(((F10)+(G10)*(W10))*(W10), 0.000001)*MAX(((((F10)+(G10)*(W10))*(W10))/MAX((F10)+2*(W10)*SQRT(1+(G10)^2), 0.000001))^(2/3), 0.000001)))^2 -> 0.0014959431 | AD10: =ABS(ABS(K10)/MAX(((F10)+(G10)*(W10))*(W10), 0.000001))/SQRT('1D'!$I$5*MAX((((F10)+(G10)*(W10))*(W10))/MAX((F10)+2*(G10)*(W10), 0.000001), 0.000001)) -> 0.63580399 | AE10: =((F10)*(W10)^2)/2+(G10)*(W10)^3/3+(ABS(K10)^2)/('1D'!$I$5*MAX(((F10)+(G10)*(W10))*(W10), 0.000001)) -> 37.559003 | AF10: =IF($A$2=0, 0, IFERROR(AB11+(((AC10+AC11)/2)*J11)+(IF(Z10>Z11, '1D'!$D$8*((Z10^2-Z11^2)/(2*'1D'!$I$5)), '1D'!$D$9*((Z11^2-Z10^2)/(2*'1D'!$I$5)))+('1D'!$D$10*(ABS(I11)/90)*(MAX(Z10^2, Z11^2)/(2*'1D'!$I$5))))-AB10, 0)) -> -0.00093480474 | AG10: =IF($A$2=0, 1, IF(IFERROR(AG11, 0)=0, 0, IFERROR(IF(OR(ROUND(AD10, 3)>=1, AND(ABS(AF10)<'1D'!$D$19, AD10<1)), 1, 0), 0))) -> 1 | AH10: =IFERROR(IF('1D'!V31="Supercritical", MAX('1D'!$D$16, IFERROR(L10, MAX('1D'!$D$16, POWER((ABS(K10)^2)/('1D'!$I$5*MAX(F10, 0.1)^2), 1/3)))), IF('1D'!V31="Subcritical", MAX('1D'!$D$16, IFERROR(W10, MAX('1D'!$D$16, POWER((ABS(K10)^2)/('1D'!$I$5*MAX(F10, 0.1)^2), 1/3)))), IF(IFERROR(T10, -1E+99)>=IFERROR(AE10, -1E+99), MAX('1D'!$D$16, IFERROR(L10, MAX('1D'!$D$16, POWER((ABS(K10)^2)/('1D'!$I$5*MAX(F10, 0.1)^2), 1/3)))), MAX('1D'!$D$16, IFERROR(W10, MAX('1D'!$D$16, POWER((ABS(K10)^2)/('1D'!$I$5*MAX(F10, 0.1)^2), 1/3))))))), MAX('1D'!$D$16, POWER((ABS(K10)^2)/('1D'!$I$5*MAX(F10, 0.1)^2), 1/3))) -> 2.68 | AI10: =E10+AH10 -> 637 | AJ10: =AI10+((ABS(K10)/MAX(((F10)+(G10)*(AH10))*(AH10), 0.000001))^2)/(2*'1D'!$I$5) -> 637.51219 | AM10: 0 | AN10: 0 | AO10: =AM10+AN10 -> 0 | AP10: =AO10 -> 0 | AQ10: =ABS(ABS(K10)/MAX(((F10)+(G10)*(AH10))*(AH10), 0.000001))/SQRT('1D'!$I$5*MAX((((F10)+(G10)*(AH10))*(AH10))/MAX((F10)+2*(G10)*(AH10), 0.000001), 0.000001)) -> 0.61825144 | AR10: =IF(AQ10<1, "Subcritical", "Supercritical") -> Subcritical | AS10: =((ABS(K10)*'1D'!$D$6)/(MAX(((F10)+(G10)*(AH10))*(AH10), 0.000001)*MAX(((((F10)+(G10)*(AH10))*(AH10))/MAX((F10)+2*(AH10)*SQRT(1+(G10)^2), 0.000001))^(2/3), 0.000001)))^2 -> 0.0014222297
A11: 2 | B11: 1 | C11: 616560.59 | D11: 3097769 | E11: 634.318 | F11: 6.003 | G11: 0 | H11: Normal | I11: 0 | J11: =B11-B10 -> 1 | K11: =MAX(0, K10-AO10) -> 51 | L11: =IF($A$2=0, IFERROR(L10, MAX('1D'!$D$16, POWER((ABS(K11)^2)/('1D'!$I$5*MAX(F11, 0.1)^2), 1/3))), IF(IFERROR(V10, 0)=0, IFERROR(L10, MAX('1D'!$D$16, POWER((ABS(K11)^2)/('1D'!$I$5*MAX(F11, 0.1)^2), 1/3))), IF(OR(IFERROR(L11, 0)=0, IFERROR(S10, 0)<1, IFERROR(S11, 0)<1), MAX('1D'!$D$16, POWER((ABS(K11)^2)/('1D'!$I$5*MAX(F11, 0.1)^2), 1/3)), IF(IFERROR(U11, 0)>0, MAX('1D'!$D$16, IFERROR(L11, 0)+((IFERROR(U11, 0))*'1D'!$D$18*IF((IFERROR(S11, 0))<1, 1, -1))), IF(IFERROR(U11, 0)<0, IF(ABS((MAX('1D'!$D$16, POWER((ABS(K11)^2)/('1D'!$I$5*MAX(F11, 0.1)^2), 1/3)))-IFERROR(L11, 0))>'1D'!$D$19, MAX('1D'!$D$16, IF((MAX('1D'!$D$16, POWER((ABS(K11)^2)/('1D'!$I$5*MAX(F11, 0.1)^2), 1/3)))>IFERROR(L11, 0), MIN((MAX('1D'!$D$16, POWER((ABS(K11)^2)/('1D'!$I$5*MAX(F11, 0.1)^2), 1/3))), IFERROR(L11, 0)+(MIN(ABS(IFERROR(U11, 0))*'1D'!$D$18, ABS((MAX('1D'!$D$16, POWER((ABS(K11)^2)/('1D'!$I$5*MAX(F11, 0.1)^2), 1/3)))-IFERROR(L11, 0))))), MAX((MAX('1D'!$D$16, POWER((ABS(K11)^2)/('1D'!$I$5*MAX(F11, 0.1)^2), 1/3))), IFERROR(L11, 0)-(MIN(ABS(IFERROR(U11, 0))*'1D'!$D$18, ABS((MAX('1D'!$D$16, POWER((ABS(K11)^2)/('1D'!$I$5*MAX(F11, 0.1)^2), 1/3)))-IFERROR(L11, 0))))))), MAX('1D'!$D$16, POWER((ABS(K11)^2)/('1D'!$I$5*MAX(F11, 0.1)^2), 1/3))), MAX('1D'!$D$16, IFERROR(L11, 0))))))) -> 1.9449639 | M11: =((F11)+(G11)*(L11))*(L11) -> 11.675619 | N11: =(((F11)+(G11)*(L11))*(L11))/MAX((F11)+2*(L11)*SQRT(1+(G11)^2), 0.000001) -> 1.1801985 | O11: =ABS(K11)/MAX(((F11)+(G11)*(L11))*(L11), 0.000001) -> 4.3680769 | P11: =E11+L11 -> 636.26296 | Q11: =P11+((ABS(K11)/MAX(((F11)+(G11)*(L11))*(L11), 0.000001))^2)/(2*'1D'!$I$5) -> 637.23545 | R11: =((ABS(K11)*'1D'!$D$6)/(MAX(((F11)+(G11)*(L11))*(L11), 0.000001)*MAX(((((F11)+(G11)*(L11))*(L11))/MAX((F11)+2*(L11)*SQRT(1+(G11)^2), 0.000001))^(2/3), 0.000001)))^2 -> 0.0034420962 | S11: =ABS(ABS(K11)/MAX(((F11)+(G11)*(L11))*(L11), 0.000001))/SQRT('1D'!$I$5*MAX((((F11)+(G11)*(L11))*(L11))/MAX((F11)+2*(G11)*(L11), 0.000001), 0.000001)) -> 1 | T11: =((F11)*(L11)^2)/2+(G11)*(L11)^3/3+(ABS(K11)^2)/('1D'!$I$5*MAX(((F11)+(G11)*(L11))*(L11), 0.000001)) -> 34.062985 | U11: =IF($A$2=0, 0, IFERROR(Q10-(((R10+R11)/2)*J11)-(IF(O10>O11, '1D'!$D$8*((O10^2-O11^2)/(2*'1D'!$I$5)), '1D'!$D$9*((O11^2-O10^2)/(2*'1D'!$I$5)))+('1D'!$D$10*(ABS(I11)/90)*(MAX(O10^2, O11^2)/(2*'1D'!$I$5))))-Q11, 0)) -> 0.2282879 | V11: =IF($A$2=0, 1, IF(IFERROR(V10, 0)=0, 0, IFERROR(IF(ROUND(S11, 3)=1, 1, IF(AND(ABS(U11)<'1D'!$D$19, S11>1), 1, 0)), 0))) -> 1 | W11: =IF($A$2=0, MAX(MAX('1D'!$D$16, MAX('1D'!$D$16, POWER((ABS(K11)^2)/('1D'!$I$5*MAX(F11, 0.1)^2), 1/3))), IFERROR(W21, MAX(MAX('1D'!$D$16, MAX('1D'!$D$16, POWER((ABS(K11)^2)/('1D'!$I$5*MAX(F11, 0.1)^2), 1/3))), ($L$2)-E21))), IF(IFERROR(AG12, 0)=0, MAX(MAX('1D'!$D$16, MAX('1D'!$D$16, POWER((ABS(K11)^2)/('1D'!$I$5*MAX(F11, 0.1)^2), 1/3))), IFERROR(W21, MAX(MAX('1D'!$D$16, MAX('1D'!$D$16, POWER((ABS(K11)^2)/('1D'!$I$5*MAX(F11, 0.1)^2), 1/3))), ($L$2)-E21))), IF(IFERROR(W11, 0)=0, MAX(MAX('1D'!$D$16, MAX('1D'!$D$16, POWER((ABS(K11)^2)/('1D'!$I$5*MAX(F11, 0.1)^2), 1/3))), IFERROR(W21, MAX(MAX('1D'!$D$16, MAX('1D'!$D$16, POWER((ABS(K11)^2)/('1D'!$I$5*MAX(F11, 0.1)^2), 1/3))), ($L$2)-E21))), IF(OR(IFERROR(AD11, 0)>=1, IFERROR(AD12, 0)>=1), MAX('1D'!$D$16, MAX('1D'!$D$16, POWER((ABS(K11)^2)/('1D'!$I$5*MAX(F11, 0.1)^2), 1/3))), IF(ABS(IFERROR(AF11, 0))<'1D'!$D$19, MAX(MAX('1D'!$D$16, MAX('1D'!$D$16, POWER((ABS(K11)^2)/('1D'!$I$5*MAX(F11, 0.1)^2), 1/3))), IFERROR(W11, 0)), MAX(MAX('1D'!$D$16, MAX('1D'!$D$16, POWER((ABS(K11)^2)/('1D'!$I$5*MAX(F11, 0.1)^2), 1/3))), (IFERROR(W11, 0))+((IFERROR(AF11, 0))*'1D'!$D$18))))))) -> 2.629669 | X11: =((F11)+(G11)*(W11))*(W11) -> 15.785903 | Y11: =(((F11)+(G11)*(W11))*(W11))/MAX((F11)+2*(W11)*SQRT(1+(G11)^2), 0.000001) -> 1.4016542 | Z11: =ABS(K11)/MAX(((F11)+(G11)*(W11))*(W11), 0.000001) -> 3.2307307 | AA11: =E11+W11 -> 636.94767 | AB11: =AA11+((ABS(K11)/MAX(((F11)+(G11)*(W11))*(W11), 0.000001))^2)/(2*'1D'!$I$5) -> 637.47966 | AC11: =((ABS(K11)*'1D'!$D$6)/(MAX(((F11)+(G11)*(W11))*(W11), 0.000001)*MAX(((((F11)+(G11)*(W11))*(W11))/MAX((F11)+2*(W11)*SQRT(1+(G11)^2), 0.000001))^(2/3), 0.000001)))^2 -> 0.0014971416 | AD11: =ABS(ABS(K11)/MAX(((F11)+(G11)*(W11))*(W11), 0.000001))/SQRT('1D'!$I$5*MAX((((F11)+(G11)*(W11))*(W11))/MAX((F11)+2*(G11)*(W11), 0.000001), 0.000001)) -> 0.63608581 | AE11: =((F11)*(W11)^2)/2+(G11)*(W11)^3/3+(ABS(K11)^2)/('1D'!$I$5*MAX(((F11)+(G11)*(W11))*(W11), 0.000001)) -> 37.551697 | AF11: =IF($A$2=0, 0, IFERROR(AB12+(((AC11+AC12)/2)*J12)+(IF(Z11>Z12, '1D'!$D$8*((Z11^2-Z12^2)/(2*'1D'!$I$5)), '1D'!$D$9*((Z12^2-Z11^2)/(2*'1D'!$I$5)))+('1D'!$D$10*(ABS(I12)/90)*(MAX(Z11^2, Z12^2)/(2*'1D'!$I$5))))-AB11, 0)) -> -0.00094662428 | AG11: =IF($A$2=0, 1, IF(IFERROR(AG12, 0)=0, 0, IFERROR(IF(OR(ROUND(AD11, 3)>=1, AND(ABS(AF11)<'1D'!$D$19, AD11<1)), 1, 0), 0))) -> 1 | AH11: =IFERROR(IF('1D'!V31="Supercritical", MAX('1D'!$D$16, IFERROR(L11, MAX('1D'!$D$16, POWER((ABS(K11)^2)/('1D'!$I$5*MAX(F11, 0.1)^2), 1/3)))), IF('1D'!V31="Subcritical", MAX('1D'!$D$16, IFERROR(W11, MAX('1D'!$D$16, POWER((ABS(K11)^2)/('1D'!$I$5*MAX(F11, 0.1)^2), 1/3)))), IF(IFERROR(T11, -1E+99)>=IFERROR(AE11, -1E+99), MAX('1D'!$D$16, IFERROR(L11, MAX('1D'!$D$16, POWER((ABS(K11)^2)/('1D'!$I$5*MAX(F11, 0.1)^2), 1/3)))), MAX('1D'!$D$16, IFERROR(W11, MAX('1D'!$D$16, POWER((ABS(K11)^2)/('1D'!$I$5*MAX(F11, 0.1)^2), 1/3))))))), MAX('1D'!$D$16, POWER((ABS(K11)^2)/('1D'!$I$5*MAX(F11, 0.1)^2), 1/3))) -> 2.629669 | AI11: =E11+AH11 -> 636.94767 | AJ11: =AI11+((ABS(K11)/MAX(((F11)+(G11)*(AH11))*(AH11), 0.000001))^2)/(2*'1D'!$I$5) -> 637.47966 | AM11: 0 | AN11: 0 | AO11: =AM11+AN11 -> 0 | AP11: =AP10+AO11 -> 0 | AQ11: =ABS(ABS(K11)/MAX(((F11)+(G11)*(AH11))*(AH11), 0.000001))/SQRT('1D'!$I$5*MAX((((F11)+(G11)*(AH11))*(AH11))/MAX((F11)+2*(G11)*(AH11), 0.000001), 0.000001)) -> 0.63608581 | AR11: =IF(AQ11<1, "Subcritical", "Supercritical") -> Subcritical | AS11: =((ABS(K11)*'1D'!$D$6)/(MAX(((F11)+(G11)*(AH11))*(AH11), 0.000001)*MAX(((((F11)+(G11)*(AH11))*(AH11))/MAX((F11)+2*(AH11)*SQRT(1+(G11)^2), 0.000001))^(2/3), 0.000001)))^2 -> 0.0014971416
A12: 3 | B12: 2.001 | C12: 616560.12 | D12: 3097768.2 | E12: 634.316 | F12: 6.004 | G12: 0 | H12: Normal | I12: 0.027 | J12: =B12-B11 -> 1.001 | K12: =MAX(0, K11-AO11) -> 51 | L12: =IF($A$2=0, IFERROR(L11, MAX('1D'!$D$16, POWER((ABS(K12)^2)/('1D'!$I$5*MAX(F12, 0.1)^2), 1/3))), IF(IFERROR(V11, 0)=0, IFERROR(L11, MAX('1D'!$D$16, POWER((ABS(K12)^2)/('1D'!$I$5*MAX(F12, 0.1)^2), 1/3))), IF(OR(IFERROR(L12, 0)=0, IFERROR(S11, 0)<1, IFERROR(S12, 0)<1), MAX('1D'!$D$16, POWER((ABS(K12)^2)/('1D'!$I$5*MAX(F12, 0.1)^2), 1/3)), IF(IFERROR(U12, 0)>0, MAX('1D'!$D$16, IFERROR(L12, 0)+((IFERROR(U12, 0))*'1D'!$D$18*IF((IFERROR(S12, 0))<1, 1, -1))), IF(IFERROR(U12, 0)<0, IF(ABS((MAX('1D'!$D$16, POWER((ABS(K12)^2)/('1D'!$I$5*MAX(F12, 0.1)^2), 1/3)))-IFERROR(L12, 0))>'1D'!$D$19, MAX('1D'!$D$16, IF((MAX('1D'!$D$16, POWER((ABS(K12)^2)/('1D'!$I$5*MAX(F12, 0.1)^2), 1/3)))>IFERROR(L12, 0), MIN((MAX('1D'!$D$16, POWER((ABS(K12)^2)/('1D'!$I$5*MAX(F12, 0.1)^2), 1/3))), IFERROR(L12, 0)+(MIN(ABS(IFERROR(U12, 0))*'1D'!$D$18, ABS((MAX('1D'!$D$16, POWER((ABS(K12)^2)/('1D'!$I$5*MAX(F12, 0.1)^2), 1/3)))-IFERROR(L12, 0))))), MAX((MAX('1D'!$D$16, POWER((ABS(K12)^2)/('1D'!$I$5*MAX(F12, 0.1)^2), 1/3))), IFERROR(L12, 0)-(MIN(ABS(IFERROR(U12, 0))*'1D'!$D$18, ABS((MAX('1D'!$D$16, POWER((ABS(K12)^2)/('1D'!$I$5*MAX(F12, 0.1)^2), 1/3)))-IFERROR(L12, 0))))))), MAX('1D'!$D$16, POWER((ABS(K12)^2)/('1D'!$I$5*MAX(F12, 0.1)^2), 1/3))), MAX('1D'!$D$16, IFERROR(L12, 0))))))) -> 1.944748 | M12: =((F12)+(G12)*(L12))*(L12) -> 11.676267 | N12: =(((F12)+(G12)*(L12))*(L12))/MAX((F12)+2*(L12)*SQRT(1+(G12)^2), 0.000001) -> 1.1801962 | O12: =ABS(K12)/MAX(((F12)+(G12)*(L12))*(L12), 0.000001) -> 4.3678344 | P12: =E12+L12 -> 636.26075 | Q12: =P12+((ABS(K12)/MAX(((F12)+(G12)*(L12))*(L12), 0.000001))^2)/(2*'1D'!$I$5) -> 637.23312 | R12: =((ABS(K12)*'1D'!$D$6)/(MAX(((F12)+(G12)*(L12))*(L12), 0.000001)*MAX(((((F12)+(G12)*(L12))*(L12))/MAX((F12)+2*(L12)*SQRT(1+(G12)^2), 0.000001))^(2/3), 0.000001)))^2 -> 0.0034417227 | S12: =ABS(ABS(K12)/MAX(((F12)+(G12)*(L12))*(L12), 0.000001))/SQRT('1D'!$I$5*MAX((((F12)+(G12)*(L12))*(L12))/MAX((F12)+2*(G12)*(L12), 0.000001), 0.000001)) -> 1 | T12: =((F12)*(L12)^2)/2+(G12)*(L12)^3/3+(ABS(K12)^2)/('1D'!$I$5*MAX(((F12)+(G12)*(L12))*(L12), 0.000001)) -> 34.061094 | U12: =IF($A$2=0, 0, IFERROR(Q11-(((R11+R12)/2)*J12)-(IF(O11>O12, '1D'!$D$8*((O11^2-O12^2)/(2*'1D'!$I$5)), '1D'!$D$9*((O12^2-O11^2)/(2*'1D'!$I$5)))+('1D'!$D$10*(ABS(I12)/90)*(MAX(O11^2, O12^2)/(2*'1D'!$I$5))))-Q12, 0)) -> -0.0011975548 | V12: =IF($A$2=0, 1, IF(IFERROR(V11, 0)=0, 0, IFERROR(IF(ROUND(S12, 3)=1, 1, IF(AND(ABS(U12)<'1D'!$D$19, S12>1), 1, 0)), 0))) -> 1 | W12: =IF($A$2=0, MAX(MAX('1D'!$D$16, MAX('1D'!$D$16, POWER((ABS(K12)^2)/('1D'!$I$5*MAX(F12, 0.1)^2), 1/3))), IFERROR(W21, MAX(MAX('1D'!$D$16, MAX('1D'!$D$16, POWER((ABS(K12)^2)/('1D'!$I$5*MAX(F12, 0.1)^2), 1/3))), ($L$2)-E21))), IF(IFERROR(AG13, 0)=0, MAX(MAX('1D'!$D$16, MAX('1D'!$D$16, POWER((ABS(K12)^2)/('1D'!$I$5*MAX(F12, 0.1)^2), 1/3))), IFERROR(W21, MAX(MAX('1D'!$D$16, MAX('1D'!$D$16, POWER((ABS(K12)^2)/('1D'!$I$5*MAX(F12, 0.1)^2), 1/3))), ($L$2)-E21))), IF(IFERROR(W12, 0)=0, MAX(MAX('1D'!$D$16, MAX('1D'!$D$16, POWER((ABS(K12)^2)/('1D'!$I$5*MAX(F12, 0.1)^2), 1/3))), IFERROR(W21, MAX(MAX('1D'!$D$16, MAX('1D'!$D$16, POWER((ABS(K12)^2)/('1D'!$I$5*MAX(F12, 0.1)^2), 1/3))), ($L$2)-E21))), IF(OR(IFERROR(AD12, 0)>=1, IFERROR(AD13, 0)>=1), MAX('1D'!$D$16, MAX('1D'!$D$16, POWER((ABS(K12)^2)/('1D'!$I$5*MAX(F12, 0.1)^2), 1/3))), IF(ABS(IFERROR(AF12, 0))<'1D'!$D$19, MAX(MAX('1D'!$D$16, MAX('1D'!$D$16, POWER((ABS(K12)^2)/('1D'!$I$5*MAX(F12, 0.1)^2), 1/3))), IFERROR(W12, 0)), MAX(MAX('1D'!$D$16, MAX('1D'!$D$16, POWER((ABS(K12)^2)/('1D'!$I$5*MAX(F12, 0.1)^2), 1/3))), (IFERROR(W12, 0))+((IFERROR(AF12, 0))*'1D'!$D$18))))))) -> 2.6291746 | X12: =((F12)+(G12)*(W12))*(W12) -> 15.785564 | Y12: =(((F12)+(G12)*(W12))*(W12))/MAX((F12)+2*(W12)*SQRT(1+(G12)^2), 0.000001) -> 1.4016227 | Z12: =ABS(K12)/MAX(((F12)+(G12)*(W12))*(W12), 0.000001) -> 3.2307999 | AA12: =E12+W12 -> 636.94517 | AB12: =AA12+((ABS(K12)/MAX(((F12)+(G12)*(W12))*(W12), 0.000001))^2)/(2*'1D'!$I$5) -> 637.47719 | AC12: =((ABS(K12)*'1D'!$D$6)/(MAX(((F12)+(G12)*(W12))*(W12), 0.000001)*MAX(((((F12)+(G12)*(W12))*(W12))/MAX((F12)+2*(W12)*SQRT(1+(G12)^2), 0.000001))^(2/3), 0.000001)))^2 -> 0.0014972505 | AD12: =ABS(ABS(K12)/MAX(((F12)+(G12)*(W12))*(W12), 0.000001))/SQRT('1D'!$I$5*MAX((((F12)+(G12)*(W12))*(W12))/MAX((F12)+2*(G12)*(W12), 0.000001), 0.000001)) -> 0.63615925 | AE12: =((F12)*(W12)^2)/2+(G12)*(W12)^3/3+(ABS(K12)^2)/('1D'!$I$5*MAX(((F12)+(G12)*(W12))*(W12), 0.000001)) -> 37.54771 | AF12: =IF($A$2=0, 0, IFERROR(AB13+(((AC12+AC13)/2)*J13)+(IF(Z12>Z13, '1D'!$D$8*((Z12^2-Z13^2)/(2*'1D'!$I$5)), '1D'!$D$9*((Z13^2-Z12^2)/(2*'1D'!$I$5)))+('1D'!$D$10*(ABS(I13)/90)*(MAX(Z12^2, Z13^2)/(2*'1D'!$I$5))))-AB12, 0)) -> -0.00095342657 | AG12: =IF($A$2=0, 1, IF(IFERROR(AG13, 0)=0, 0, IFERROR(IF(OR(ROUND(AD12, 3)>=1, AND(ABS(AF12)<'1D'!$D$19, AD12<1)), 1, 0), 0))) -> 1 | AH12: =IFERROR(IF('1D'!V31="Supercritical", MAX('1D'!$D$16, IFERROR(L12, MAX('1D'!$D$16, POWER((ABS(K12)^2)/('1D'!$I$5*MAX(F12, 0.1)^2), 1/3)))), IF('1D'!V31="Subcritical", MAX('1D'!$D$16, IFERROR(W12, MAX('1D'!$D$16, POWER((ABS(K12)^2)/('1D'!$I$5*MAX(F12, 0.1)^2), 1/3)))), IF(IFERROR(T12, -1E+99)>=IFERROR(AE12, -1E+99), MAX('1D'!$D$16, IFERROR(L12, MAX('1D'!$D$16, POWER((ABS(K12)^2)/('1D'!$I$5*MAX(F12, 0.1)^2), 1/3)))), MAX('1D'!$D$16, IFERROR(W12, MAX('1D'!$D$16, POWER((ABS(K12)^2)/('1D'!$I$5*MAX(F12, 0.1)^2), 1/3))))))), MAX('1D'!$D$16, POWER((ABS(K12)^2)/('1D'!$I$5*MAX(F12, 0.1)^2), 1/3))) -> 2.6291746 | AI12: =E12+AH12 -> 636.94517 | AJ12: =AI12+((ABS(K12)/MAX(((F12)+(G12)*(AH12))*(AH12), 0.000001))^2)/(2*'1D'!$I$5) -> 637.47719 | AM12: 0 | AN12: 0 | AO12: =AM12+AN12 -> 0 | AP12: =AP11+AO12 -> 0 | AQ12: =ABS(ABS(K12)/MAX(((F12)+(G12)*(AH12))*(AH12), 0.000001))/SQRT('1D'!$I$5*MAX((((F12)+(G12)*(AH12))*(AH12))/MAX((F12)+2*(G12)*(AH12), 0.000001), 0.000001)) -> 0.63615925 | AR12: =IF(AQ12<1, "Subcritical", "Supercritical") -> Subcritical | AS12: =((ABS(K12)*'1D'!$D$6)/(MAX(((F12)+(G12)*(AH12))*(AH12), 0.000001)*MAX(((((F12)+(G12)*(AH12))*(AH12))/MAX((F12)+2*(AH12)*SQRT(1+(G12)^2), 0.000001))^(2/3), 0.000001)))^2 -> 0.0014972505
A13: 4 | B13: 3 | C13: 616559.65 | D13: 3097767.3 | E13: 634.314 | F13: 6.004 | G13: 0 | H13: Normal | I13: 0.027 | J13: =B13-B12 -> 0.999 | K13: =MAX(0, K12-AO12) -> 51 | L13: =IF($A$2=0, IFERROR(L12, MAX('1D'!$D$16, POWER((ABS(K13)^2)/('1D'!$I$5*MAX(F13, 0.1)^2), 1/3))), IF(IFERROR(V12, 0)=0, IFERROR(L12, MAX('1D'!$D$16, POWER((ABS(K13)^2)/('1D'!$I$5*MAX(F13, 0.1)^2), 1/3))), IF(OR(IFERROR(L13, 0)=0, IFERROR(S12, 0)<1, IFERROR(S13, 0)<1), MAX('1D'!$D$16, POWER((ABS(K13)^2)/('1D'!$I$5*MAX(F13, 0.1)^2), 1/3)), IF(IFERROR(U13, 0)>0, MAX('1D'!$D$16, IFERROR(L13, 0)+((IFERROR(U13, 0))*'1D'!$D$18*IF((IFERROR(S13, 0))<1, 1, -1))), IF(IFERROR(U13, 0)<0, IF(ABS((MAX('1D'!$D$16, POWER((ABS(K13)^2)/('1D'!$I$5*MAX(F13, 0.1)^2), 1/3)))-IFERROR(L13, 0))>'1D'!$D$19, MAX('1D'!$D$16, IF((MAX('1D'!$D$16, POWER((ABS(K13)^2)/('1D'!$I$5*MAX(F13, 0.1)^2), 1/3)))>IFERROR(L13, 0), MIN((MAX('1D'!$D$16, POWER((ABS(K13)^2)/('1D'!$I$5*MAX(F13, 0.1)^2), 1/3))), IFERROR(L13, 0)+(MIN(ABS(IFERROR(U13, 0))*'1D'!$D$18, ABS((MAX('1D'!$D$16, POWER((ABS(K13)^2)/('1D'!$I$5*MAX(F13, 0.1)^2), 1/3)))-IFERROR(L13, 0))))), MAX((MAX('1D'!$D$16, POWER((ABS(K13)^2)/('1D'!$I$5*MAX(F13, 0.1)^2), 1/3))), IFERROR(L13, 0)-(MIN(ABS(IFERROR(U13, 0))*'1D'!$D$18, ABS((MAX('1D'!$D$16, POWER((ABS(K13)^2)/('1D'!$I$5*MAX(F13, 0.1)^2), 1/3)))-IFERROR(L13, 0))))))), MAX('1D'!$D$16, POWER((ABS(K13)^2)/('1D'!$I$5*MAX(F13, 0.1)^2), 1/3))), MAX('1D'!$D$16, IFERROR(L13, 0))))))) -> 1.944748 | M13: =((F13)+(G13)*(L13))*(L13) -> 11.676267 | N13: =(((F13)+(G13)*(L13))*(L13))/MAX((F13)+2*(L13)*SQRT(1+(G13)^2), 0.000001) -> 1.1801962 | O13: =ABS(K13)/MAX(((F13)+(G13)*(L13))*(L13), 0.000001) -> 4.3678344 | P13: =E13+L13 -> 636.25875 | Q13: =P13+((ABS(K13)/MAX(((F13)+(G13)*(L13))*(L13), 0.000001))^2)/(2*'1D'!$I$5) -> 637.23112 | R13: =((ABS(K13)*'1D'!$D$6)/(MAX(((F13)+(G13)*(L13))*(L13), 0.000001)*MAX(((((F13)+(G13)*(L13))*(L13))/MAX((F13)+2*(L13)*SQRT(1+(G13)^2), 0.000001))^(2/3), 0.000001)))^2 -> 0.0034417227 | S13: =ABS(ABS(K13)/MAX(((F13)+(G13)*(L13))*(L13), 0.000001))/SQRT('1D'!$I$5*MAX((((F13)+(G13)*(L13))*(L13))/MAX((F13)+2*(G13)*(L13), 0.000001), 0.000001)) -> 1 | T13: =((F13)*(L13)^2)/2+(G13)*(L13)^3/3+(ABS(K13)^2)/('1D'!$I$5*MAX(((F13)+(G13)*(L13))*(L13), 0.000001)) -> 34.061094 | U13: =IF($A$2=0, 0, IFERROR(Q12-(((R12+R13)/2)*J13)-(IF(O12>O13, '1D'!$D$8*((O12^2-O13^2)/(2*'1D'!$I$5)), '1D'!$D$9*((O13^2-O12^2)/(2*'1D'!$I$5)))+('1D'!$D$10*(ABS(I13)/90)*(MAX(O12^2, O13^2)/(2*'1D'!$I$5))))-Q13, 0)) -> -0.0014820378 | V13: =IF($A$2=0, 1, IF(IFERROR(V12, 0)=0, 0, IFERROR(IF(ROUND(S13, 3)=1, 1, IF(AND(ABS(U13)<'1D'!$D$19, S13>1), 1, 0)), 0))) -> 1 | W13: =IF($A$2=0, MAX(MAX('1D'!$D$16, MAX('1D'!$D$16, POWER((ABS(K13)^2)/('1D'!$I$5*MAX(F13, 0.1)^2), 1/3))), IFERROR(W21, MAX(MAX('1D'!$D$16, MAX('1D'!$D$16, POWER((ABS(K13)^2)/('1D'!$I$5*MAX(F13, 0.1)^2), 1/3))), ($L$2)-E21))), IF(IFERROR(AG14, 0)=0, MAX(MAX('1D'!$D$16, MAX('1D'!$D$16, POWER((ABS(K13)^2)/('1D'!$I$5*MAX(F13, 0.1)^2), 1/3))), IFERROR(W21, MAX(MAX('1D'!$D$16, MAX('1D'!$D$16, POWER((ABS(K13)^2)/('1D'!$I$5*MAX(F13, 0.1)^2), 1/3))), ($L$2)-E21))), IF(IFERROR(W13, 0)=0, MAX(MAX('1D'!$D$16, MAX('1D'!$D$16, POWER((ABS(K13)^2)/('1D'!$I$5*MAX(F13, 0.1)^2), 1/3))), IFERROR(W21, MAX(MAX('1D'!$D$16, MAX('1D'!$D$16, POWER((ABS(K13)^2)/('1D'!$I$5*MAX(F13, 0.1)^2), 1/3))), ($L$2)-E21))), IF(OR(IFERROR(AD13, 0)>=1, IFERROR(AD14, 0)>=1), MAX('1D'!$D$16, MAX('1D'!$D$16, POWER((ABS(K13)^2)/('1D'!$I$5*MAX(F13, 0.1)^2), 1/3))), IF(ABS(IFERROR(AF13, 0))<'1D'!$D$19, MAX(MAX('1D'!$D$16, MAX('1D'!$D$16, POWER((ABS(K13)^2)/('1D'!$I$5*MAX(F13, 0.1)^2), 1/3))), IFERROR(W13, 0)), MAX(MAX('1D'!$D$16, MAX('1D'!$D$16, POWER((ABS(K13)^2)/('1D'!$I$5*MAX(F13, 0.1)^2), 1/3))), (IFERROR(W13, 0))+((IFERROR(AF13, 0))*'1D'!$D$18))))))) -> 2.6283203 | X13: =((F13)+(G13)*(W13))*(W13) -> 15.780435 | Y13: =(((F13)+(G13)*(W13))*(W13))/MAX((F13)+2*(W13)*SQRT(1+(G13)^2), 0.000001) -> 1.4013799 | Z13: =ABS(K13)/MAX(((F13)+(G13)*(W13))*(W13), 0.000001) -> 3.23185 | AA13: =E13+W13 -> 636.94232 | AB13: =AA13+((ABS(K13)/MAX(((F13)+(G13)*(W13))*(W13), 0.000001))^2)/(2*'1D'!$I$5) -> 637.47468 | AC13: =((ABS(K13)*'1D'!$D$6)/(MAX(((F13)+(G13)*(W13))*(W13), 0.000001)*MAX(((((F13)+(G13)*(W13))*(W13))/MAX((F13)+2*(W13)*SQRT(1+(G13)^2), 0.000001))^(2/3), 0.000001)))^2 -> 0.0014985701 | AD13: =ABS(ABS(K13)/MAX(((F13)+(G13)*(W13))*(W13), 0.000001))/SQRT('1D'!$I$5*MAX((((F13)+(G13)*(W13))*(W13))/MAX((F13)+2*(G13)*(W13), 0.000001), 0.000001)) -> 0.63646943 | AE13: =((F13)*(W13)^2)/2+(G13)*(W13)^3/3+(ABS(K13)^2)/('1D'!$I$5*MAX(((F13)+(G13)*(W13))*(W13), 0.000001)) -> 37.539686 | AF13: =IF($A$2=0, 0, IFERROR(AB14+(((AC13+AC14)/2)*J14)+(IF(Z13>Z14, '1D'!$D$8*((Z13^2-Z14^2)/(2*'1D'!$I$5)), '1D'!$D$9*((Z14^2-Z13^2)/(2*'1D'!$I$5)))+('1D'!$D$10*(ABS(I14)/90)*(MAX(Z13^2, Z14^2)/(2*'1D'!$I$5))))-AB13, 0)) -> -0.00096648535 | AG13: =IF($A$2=0, 1, IF(IFERROR(AG14, 0)=0, 0, IFERROR(IF(OR(ROUND(AD13, 3)>=1, AND(ABS(AF13)<'1D'!$D$19, AD13<1)), 1, 0), 0))) -> 1 | AH13: =IFERROR(IF('1D'!V31="Supercritical", MAX('1D'!$D$16, IFERROR(L13, MAX('1D'!$D$16, POWER((ABS(K13)^2)/('1D'!$I$5*MAX(F13, 0.1)^2), 1/3)))), IF('1D'!V31="Subcritical", MAX('1D'!$D$16, IFERROR(W13, MAX('1D'!$D$16, POWER((ABS(K13)^2)/('1D'!$I$5*MAX(F13, 0.1)^2), 1/3)))), IF(IFERROR(T13, -1E+99)>=IFERROR(AE13, -1E+99), MAX('1D'!$D$16, IFERROR(L13, MAX('1D'!$D$16, POWER((ABS(K13)^2)/('1D'!$I$5*MAX(F13, 0.1)^2), 1/3)))), MAX('1D'!$D$16, IFERROR(W13, MAX('1D'!$D$16, POWER((ABS(K13)^2)/('1D'!$I$5*MAX(F13, 0.1)^2), 1/3))))))), MAX('1D'!$D$16, POWER((ABS(K13)^2)/('1D'!$I$5*MAX(F13, 0.1)^2), 1/3))) -> 2.6283203 | AI13: =E13+AH13 -> 636.94232 | AJ13: =AI13+((ABS(K13)/MAX(((F13)+(G13)*(AH13))*(AH13), 0.000001))^2)/(2*'1D'!$I$5) -> 637.47468 | AM13: 0 | AN13: 0 | AO13: =AM13+AN13 -> 0 | AP13: =AP12+AO13 -> 0 | AQ13: =ABS(ABS(K13)/MAX(((F13)+(G13)*(AH13))*(AH13), 0.000001))/SQRT('1D'!$I$5*MAX((((F13)+(G13)*(AH13))*(AH13))/MAX((F13)+2*(G13)*(AH13), 0.000001), 0.000001)) -> 0.63646943 | AR13: =IF(AQ13<1, "Subcritical", "Supercritical") -> Subcritical | AS13: =((ABS(K13)*'1D'!$D$6)/(MAX(((F13)+(G13)*(AH13))*(AH13), 0.000001)*MAX(((((F13)+(G13)*(AH13))*(AH13))/MAX((F13)+2*(AH13)*SQRT(1+(G13)^2), 0.000001))^(2/3), 0.000001)))^2 -> 0.0014985701
A14: 5 | B14: 4 | C14: 616559.18 | D14: 3097766.4 | E14: 634.312 | F14: 6.005 | G14: 0 | H14: Normal | I14: 0 | J14: =B14-B13 -> 1 | K14: =MAX(0, K13-AO13) -> 51 | L14: =IF($A$2=0, IFERROR(L13, MAX('1D'!$D$16, POWER((ABS(K14)^2)/('1D'!$I$5*MAX(F14, 0.1)^2), 1/3))), IF(IFERROR(V13, 0)=0, IFERROR(L13, MAX('1D'!$D$16, POWER((ABS(K14)^2)/('1D'!$I$5*MAX(F14, 0.1)^2), 1/3))), IF(OR(IFERROR(L14, 0)=0, IFERROR(S13, 0)<1, IFERROR(S14, 0)<1), MAX('1D'!$D$16, POWER((ABS(K14)^2)/('1D'!$I$5*MAX(F14, 0.1)^2), 1/3)), IF(IFERROR(U14, 0)>0, MAX('1D'!$D$16, IFERROR(L14, 0)+((IFERROR(U14, 0))*'1D'!$D$18*IF((IFERROR(S14, 0))<1, 1, -1))), IF(IFERROR(U14, 0)<0, IF(ABS((MAX('1D'!$D$16, POWER((ABS(K14)^2)/('1D'!$I$5*MAX(F14, 0.1)^2), 1/3)))-IFERROR(L14, 0))>'1D'!$D$19, MAX('1D'!$D$16, IF((MAX('1D'!$D$16, POWER((ABS(K14)^2)/('1D'!$I$5*MAX(F14, 0.1)^2), 1/3)))>IFERROR(L14, 0), MIN((MAX('1D'!$D$16, POWER((ABS(K14)^2)/('1D'!$I$5*MAX(F14, 0.1)^2), 1/3))), IFERROR(L14, 0)+(MIN(ABS(IFERROR(U14, 0))*'1D'!$D$18, ABS((MAX('1D'!$D$16, POWER((ABS(K14)^2)/('1D'!$I$5*MAX(F14, 0.1)^2), 1/3)))-IFERROR(L14, 0))))), MAX((MAX('1D'!$D$16, POWER((ABS(K14)^2)/('1D'!$I$5*MAX(F14, 0.1)^2), 1/3))), IFERROR(L14, 0)-(MIN(ABS(IFERROR(U14, 0))*'1D'!$D$18, ABS((MAX('1D'!$D$16, POWER((ABS(K14)^2)/('1D'!$I$5*MAX(F14, 0.1)^2), 1/3)))-IFERROR(L14, 0))))))), MAX('1D'!$D$16, POWER((ABS(K14)^2)/('1D'!$I$5*MAX(F14, 0.1)^2), 1/3))), MAX('1D'!$D$16, IFERROR(L14, 0))))))) -> 1.9445321 | M14: =((F14)+(G14)*(L14))*(L14) -> 11.676915 | N14: =(((F14)+(G14)*(L14))*(L14))/MAX((F14)+2*(L14)*SQRT(1+(G14)^2), 0.000001) -> 1.180194 | O14: =ABS(K14)/MAX(((F14)+(G14)*(L14))*(L14), 0.000001) -> 4.367592 | P14: =E14+L14 -> 636.25653 | Q14: =P14+((ABS(K14)/MAX(((F14)+(G14)*(L14))*(L14), 0.000001))^2)/(2*'1D'!$I$5) -> 637.2288 | R14: =((ABS(K14)*'1D'!$D$6)/(MAX(((F14)+(G14)*(L14))*(L14), 0.000001)*MAX(((((F14)+(G14)*(L14))*(L14))/MAX((F14)+2*(L14)*SQRT(1+(G14)^2), 0.000001))^(2/3), 0.000001)))^2 -> 0.0034413494 | S14: =ABS(ABS(K14)/MAX(((F14)+(G14)*(L14))*(L14), 0.000001))/SQRT('1D'!$I$5*MAX((((F14)+(G14)*(L14))*(L14))/MAX((F14)+2*(G14)*(L14), 0.000001), 0.000001)) -> 1 | T14: =((F14)*(L14)^2)/2+(G14)*(L14)^3/3+(ABS(K14)^2)/('1D'!$I$5*MAX(((F14)+(G14)*(L14))*(L14), 0.000001)) -> 34.059203 | U14: =IF($A$2=0, 0, IFERROR(Q13-(((R13+R14)/2)*J14)-(IF(O13>O14, '1D'!$D$8*((O13^2-O14^2)/(2*'1D'!$I$5)), '1D'!$D$9*((O14^2-O13^2)/(2*'1D'!$I$5)))+('1D'!$D$10*(ABS(I14)/90)*(MAX(O13^2, O14^2)/(2*'1D'!$I$5))))-Q14, 0)) -> -0.0011500587 | V14: =IF($A$2=0, 1, IF(IFERROR(V13, 0)=0, 0, IFERROR(IF(ROUND(S14, 3)=1, 1, IF(AND(ABS(U14)<'1D'!$D$19, S14>1), 1, 0)), 0))) -> 1 | W14: =IF($A$2=0, MAX(MAX('1D'!$D$16, MAX('1D'!$D$16, POWER((ABS(K14)^2)/('1D'!$I$5*MAX(F14, 0.1)^2), 1/3))), IFERROR(W21, MAX(MAX('1D'!$D$16, MAX('1D'!$D$16, POWER((ABS(K14)^2)/('1D'!$I$5*MAX(F14, 0.1)^2), 1/3))), ($L$2)-E21))), IF(IFERROR(AG15, 0)=0, MAX(MAX('1D'!$D$16, MAX('1D'!$D$16, POWER((ABS(K14)^2)/('1D'!$I$5*MAX(F14, 0.1)^2), 1/3))), IFERROR(W21, MAX(MAX('1D'!$D$16, MAX('1D'!$D$16, POWER((ABS(K14)^2)/('1D'!$I$5*MAX(F14, 0.1)^2), 1/3))), ($L$2)-E21))), IF(IFERROR(W14, 0)=0, MAX(MAX('1D'!$D$16, MAX('1D'!$D$16, POWER((ABS(K14)^2)/('1D'!$I$5*MAX(F14, 0.1)^2), 1/3))), IFERROR(W21, MAX(MAX('1D'!$D$16, MAX('1D'!$D$16, POWER((ABS(K14)^2)/('1D'!$I$5*MAX(F14, 0.1)^2), 1/3))), ($L$2)-E21))), IF(OR(IFERROR(AD14, 0)>=1, IFERROR(AD15, 0)>=1), MAX('1D'!$D$16, MAX('1D'!$D$16, POWER((ABS(K14)^2)/('1D'!$I$5*MAX(F14, 0.1)^2), 1/3))), IF(ABS(IFERROR(AF14, 0))<'1D'!$D$19, MAX(MAX('1D'!$D$16, MAX('1D'!$D$16, POWER((ABS(K14)^2)/('1D'!$I$5*MAX(F14, 0.1)^2), 1/3))), IFERROR(W14, 0)), MAX(MAX('1D'!$D$16, MAX('1D'!$D$16, POWER((ABS(K14)^2)/('1D'!$I$5*MAX(F14, 0.1)^2), 1/3))), (IFERROR(W14, 0))+((IFERROR(AF14, 0))*'1D'!$D$18))))))) -> 2.6278332 | X14: =((F14)+(G14)*(W14))*(W14) -> 15.780138 | Y14: =(((F14)+(G14)*(W14))*(W14))/MAX((F14)+2*(W14)*SQRT(1+(G14)^2), 0.000001) -> 1.4013503 | Z14: =ABS(K14)/MAX(((F14)+(G14)*(W14))*(W14), 0.000001) -> 3.2319108 | AA14: =E14+W14 -> 636.93983 | AB14: =AA14+((ABS(K14)/MAX(((F14)+(G14)*(W14))*(W14), 0.000001))^2)/(2*'1D'!$I$5) -> 637.47221 | AC14: =((ABS(K14)*'1D'!$D$6)/(MAX(((F14)+(G14)*(W14))*(W14), 0.000001)*MAX(((((F14)+(G14)*(W14))*(W14))/MAX((F14)+2*(W14)*SQRT(1+(G14)^2), 0.000001))^(2/3), 0.000001)))^2 -> 0.0014986687 | AD14: =ABS(ABS(K14)/MAX(((F14)+(G14)*(W14))*(W14), 0.000001))/SQRT('1D'!$I$5*MAX((((F14)+(G14)*(W14))*(W14))/MAX((F14)+2*(G14)*(W14), 0.000001), 0.000001)) -> 0.6365404 | AE14: =((F14)*(W14)^2)/2+(G14)*(W14)^3/3+(ABS(K14)^2)/('1D'!$I$5*MAX(((F14)+(G14)*(W14))*(W14), 0.000001)) -> 37.535768 | AF14: =IF($A$2=0, 0, IFERROR(AB15+(((AC14+AC15)/2)*J15)+(IF(Z14>Z15, '1D'!$D$8*((Z14^2-Z15^2)/(2*'1D'!$I$5)), '1D'!$D$9*((Z15^2-Z14^2)/(2*'1D'!$I$5)))+('1D'!$D$10*(ABS(I15)/90)*(MAX(Z14^2, Z15^2)/(2*'1D'!$I$5))))-AB14, 0)) -> -0.00097318784 | AG14: =IF($A$2=0, 1, IF(IFERROR(AG15, 0)=0, 0, IFERROR(IF(OR(ROUND(AD14, 3)>=1, AND(ABS(AF14)<'1D'!$D$19, AD14<1)), 1, 0), 0))) -> 1 | AH14: =IFERROR(IF('1D'!V31="Supercritical", MAX('1D'!$D$16, IFERROR(L14, MAX('1D'!$D$16, POWER((ABS(K14)^2)/('1D'!$I$5*MAX(F14, 0.1)^2), 1/3)))), IF('1D'!V31="Subcritical", MAX('1D'!$D$16, IFERROR(W14, MAX('1D'!$D$16, POWER((ABS(K14)^2)/('1D'!$I$5*MAX(F14, 0.1)^2), 1/3)))), IF(IFERROR(T14, -1E+99)>=IFERROR(AE14, -1E+99), MAX('1D'!$D$16, IFERROR(L14, MAX('1D'!$D$16, POWER((ABS(K14)^2)/('1D'!$I$5*MAX(F14, 0.1)^2), 1/3)))), MAX('1D'!$D$16, IFERROR(W14, MAX('1D'!$D$16, POWER((ABS(K14)^2)/('1D'!$I$5*MAX(F14, 0.1)^2), 1/3))))))), MAX('1D'!$D$16, POWER((ABS(K14)^2)/('1D'!$I$5*MAX(F14, 0.1)^2), 1/3))) -> 2.6278332 | AI14: =E14+AH14 -> 636.93983 | AJ14: =AI14+((ABS(K14)/MAX(((F14)+(G14)*(AH14))*(AH14), 0.000001))^2)/(2*'1D'!$I$5) -> 637.47221 | AM14: 0 | AN14: 0 | AO14: =AM14+AN14 -> 0 | AP14: =AP13+AO14 -> 0 | AQ14: =ABS(ABS(K14)/MAX(((F14)+(G14)*(AH14))*(AH14), 0.000001))/SQRT('1D'!$I$5*MAX((((F14)+(G14)*(AH14))*(AH14))/MAX((F14)+2*(G14)*(AH14), 0.000001), 0.000001)) -> 0.6365404 | AR14: =IF(AQ14<1, "Subcritical", "Supercritical") -> Subcritical | AS14: =((ABS(K14)*'1D'!$D$6)/(MAX(((F14)+(G14)*(AH14))*(AH14), 0.000001)*MAX(((((F14)+(G14)*(AH14))*(AH14))/MAX((F14)+2*(AH14)*SQRT(1+(G14)^2), 0.000001))^(2/3), 0.000001)))^2 -> 0.0014986687
A15: 6 | B15: 5.001 | C15: 616558.71 | D15: 3097765.5 | E15: 634.31 | F15: 6.005 | G15: 0 | H15: Normal | I15: 0 | J15: =B15-B14 -> 1.001 | K15: =MAX(0, K14-AO14) -> 51 | L15: =IF($A$2=0, IFERROR(L14, MAX('1D'!$D$16, POWER((ABS(K15)^2)/('1D'!$I$5*MAX(F15, 0.1)^2), 1/3))), IF(IFERROR(V14, 0)=0, IFERROR(L14, MAX('1D'!$D$16, POWER((ABS(K15)^2)/('1D'!$I$5*MAX(F15, 0.1)^2), 1/3))), IF(OR(IFERROR(L15, 0)=0, IFERROR(S14, 0)<1, IFERROR(S15, 0)<1), MAX('1D'!$D$16, POWER((ABS(K15)^2)/('1D'!$I$5*MAX(F15, 0.1)^2), 1/3)), IF(IFERROR(U15, 0)>0, MAX('1D'!$D$16, IFERROR(L15, 0)+((IFERROR(U15, 0))*'1D'!$D$18*IF((IFERROR(S15, 0))<1, 1, -1))), IF(IFERROR(U15, 0)<0, IF(ABS((MAX('1D'!$D$16, POWER((ABS(K15)^2)/('1D'!$I$5*MAX(F15, 0.1)^2), 1/3)))-IFERROR(L15, 0))>'1D'!$D$19, MAX('1D'!$D$16, IF((MAX('1D'!$D$16, POWER((ABS(K15)^2)/('1D'!$I$5*MAX(F15, 0.1)^2), 1/3)))>IFERROR(L15, 0), MIN((MAX('1D'!$D$16, POWER((ABS(K15)^2)/('1D'!$I$5*MAX(F15, 0.1)^2), 1/3))), IFERROR(L15, 0)+(MIN(ABS(IFERROR(U15, 0))*'1D'!$D$18, ABS((MAX('1D'!$D$16, POWER((ABS(K15)^2)/('1D'!$I$5*MAX(F15, 0.1)^2), 1/3)))-IFERROR(L15, 0))))), MAX((MAX('1D'!$D$16, POWER((ABS(K15)^2)/('1D'!$I$5*MAX(F15, 0.1)^2), 1/3))), IFERROR(L15, 0)-(MIN(ABS(IFERROR(U15, 0))*'1D'!$D$18, ABS((MAX('1D'!$D$16, POWER((ABS(K15)^2)/('1D'!$I$5*MAX(F15, 0.1)^2), 1/3)))-IFERROR(L15, 0))))))), MAX('1D'!$D$16, POWER((ABS(K15)^2)/('1D'!$I$5*MAX(F15, 0.1)^2), 1/3))), MAX('1D'!$D$16, IFERROR(L15, 0))))))) -> 1.9445321 | M15: =((F15)+(G15)*(L15))*(L15) -> 11.676915 | N15: =(((F15)+(G15)*(L15))*(L15))/MAX((F15)+2*(L15)*SQRT(1+(G15)^2), 0.000001) -> 1.180194 | O15: =ABS(K15)/MAX(((F15)+(G15)*(L15))*(L15), 0.000001) -> 4.367592 | P15: =E15+L15 -> 636.25453 | Q15: =P15+((ABS(K15)/MAX(((F15)+(G15)*(L15))*(L15), 0.000001))^2)/(2*'1D'!$I$5) -> 637.2268 | R15: =((ABS(K15)*'1D'!$D$6)/(MAX(((F15)+(G15)*(L15))*(L15), 0.000001)*MAX(((((F15)+(G15)*(L15))*(L15))/MAX((F15)+2*(L15)*SQRT(1+(G15)^2), 0.000001))^(2/3), 0.000001)))^2 -> 0.0034413494 | S15: =ABS(ABS(K15)/MAX(((F15)+(G15)*(L15))*(L15), 0.000001))/SQRT('1D'!$I$5*MAX((((F15)+(G15)*(L15))*(L15))/MAX((F15)+2*(G15)*(L15), 0.000001), 0.000001)) -> 1 | T15: =((F15)*(L15)^2)/2+(G15)*(L15)^3/3+(ABS(K15)^2)/('1D'!$I$5*MAX(((F15)+(G15)*(L15))*(L15), 0.000001)) -> 34.059203 | U15: =IF($A$2=0, 0, IFERROR(Q14-(((R14+R15)/2)*J15)-(IF(O14>O15, '1D'!$D$8*((O14^2-O15^2)/(2*'1D'!$I$5)), '1D'!$D$9*((O15^2-O14^2)/(2*'1D'!$I$5)))+('1D'!$D$10*(ABS(I15)/90)*(MAX(O14^2, O15^2)/(2*'1D'!$I$5))))-Q15, 0)) -> -0.0014447907 | V15: =IF($A$2=0, 1, IF(IFERROR(V14, 0)=0, 0, IFERROR(IF(ROUND(S15, 3)=1, 1, IF(AND(ABS(U15)<'1D'!$D$19, S15>1), 1, 0)), 0))) -> 1 | W15: =IF($A$2=0, MAX(MAX('1D'!$D$16, MAX('1D'!$D$16, POWER((ABS(K15)^2)/('1D'!$I$5*MAX(F15, 0.1)^2), 1/3))), IFERROR(W21, MAX(MAX('1D'!$D$16, MAX('1D'!$D$16, POWER((ABS(K15)^2)/('1D'!$I$5*MAX(F15, 0.1)^2), 1/3))), ($L$2)-E21))), IF(IFERROR(AG16, 0)=0, MAX(MAX('1D'!$D$16, MAX('1D'!$D$16, POWER((ABS(K15)^2)/('1D'!$I$5*MAX(F15, 0.1)^2), 1/3))), IFERROR(W21, MAX(MAX('1D'!$D$16, MAX('1D'!$D$16, POWER((ABS(K15)^2)/('1D'!$I$5*MAX(F15, 0.1)^2), 1/3))), ($L$2)-E21))), IF(IFERROR(W15, 0)=0, MAX(MAX('1D'!$D$16, MAX('1D'!$D$16, POWER((ABS(K15)^2)/('1D'!$I$5*MAX(F15, 0.1)^2), 1/3))), IFERROR(W21, MAX(MAX('1D'!$D$16, MAX('1D'!$D$16, POWER((ABS(K15)^2)/('1D'!$I$5*MAX(F15, 0.1)^2), 1/3))), ($L$2)-E21))), IF(OR(IFERROR(AD15, 0)>=1, IFERROR(AD16, 0)>=1), MAX('1D'!$D$16, MAX('1D'!$D$16, POWER((ABS(K15)^2)/('1D'!$I$5*MAX(F15, 0.1)^2), 1/3))), IF(ABS(IFERROR(AF15, 0))<'1D'!$D$19, MAX(MAX('1D'!$D$16, MAX('1D'!$D$16, POWER((ABS(K15)^2)/('1D'!$I$5*MAX(F15, 0.1)^2), 1/3))), IFERROR(W15, 0)), MAX(MAX('1D'!$D$16, MAX('1D'!$D$16, POWER((ABS(K15)^2)/('1D'!$I$5*MAX(F15, 0.1)^2), 1/3))), (IFERROR(W15, 0))+((IFERROR(AF15, 0))*'1D'!$D$18))))))) -> 2.6269777 | X15: =((F15)+(G15)*(W15))*(W15) -> 15.775001 | Y15: =(((F15)+(G15)*(W15))*(W15))/MAX((F15)+2*(W15)*SQRT(1+(G15)^2), 0.000001) -> 1.401107 | Z15: =ABS(K15)/MAX(((F15)+(G15)*(W15))*(W15), 0.000001) -> 3.2329633 | AA15: =E15+W15 -> 636.93698 | AB15: =AA15+((ABS(K15)/MAX(((F15)+(G15)*(W15))*(W15), 0.000001))^2)/(2*'1D'!$I$5) -> 637.4697 | AC15: =((ABS(K15)*'1D'!$D$6)/(MAX(((F15)+(G15)*(W15))*(W15), 0.000001)*MAX(((((F15)+(G15)*(W15))*(W15))/MAX((F15)+2*(W15)*SQRT(1+(G15)^2), 0.000001))^(2/3), 0.000001)))^2 -> 0.0014999923 | AD15: =ABS(ABS(K15)/MAX(((F15)+(G15)*(W15))*(W15), 0.000001))/SQRT('1D'!$I$5*MAX((((F15)+(G15)*(W15))*(W15))/MAX((F15)+2*(G15)*(W15), 0.000001), 0.000001)) -> 0.63685137 | AE15: =((F15)*(W15)^2)/2+(G15)*(W15)^3/3+(ABS(K15)^2)/('1D'!$I$5*MAX(((F15)+(G15)*(W15))*(W15), 0.000001)) -> 37.527742 | AF15: =IF($A$2=0, 0, IFERROR(AB16+(((AC15+AC16)/2)*J16)+(IF(Z15>Z16, '1D'!$D$8*((Z15^2-Z16^2)/(2*'1D'!$I$5)), '1D'!$D$9*((Z16^2-Z15^2)/(2*'1D'!$I$5)))+('1D'!$D$10*(ABS(I16)/90)*(MAX(Z15^2, Z16^2)/(2*'1D'!$I$5))))-AB15, 0)) -> -0.00098633948 | AG15: =IF($A$2=0, 1, IF(IFERROR(AG16, 0)=0, 0, IFERROR(IF(OR(ROUND(AD15, 3)>=1, AND(ABS(AF15)<'1D'!$D$19, AD15<1)), 1, 0), 0))) -> 1 | AH15: =IFERROR(IF('1D'!V31="Supercritical", MAX('1D'!$D$16, IFERROR(L15, MAX('1D'!$D$16, POWER((ABS(K15)^2)/('1D'!$I$5*MAX(F15, 0.1)^2), 1/3)))), IF('1D'!V31="Subcritical", MAX('1D'!$D$16, IFERROR(W15, MAX('1D'!$D$16, POWER((ABS(K15)^2)/('1D'!$I$5*MAX(F15, 0.1)^2), 1/3)))), IF(IFERROR(T15, -1E+99)>=IFERROR(AE15, -1E+99), MAX('1D'!$D$16, IFERROR(L15, MAX('1D'!$D$16, POWER((ABS(K15)^2)/('1D'!$I$5*MAX(F15, 0.1)^2), 1/3)))), MAX('1D'!$D$16, IFERROR(W15, MAX('1D'!$D$16, POWER((ABS(K15)^2)/('1D'!$I$5*MAX(F15, 0.1)^2), 1/3))))))), MAX('1D'!$D$16, POWER((ABS(K15)^2)/('1D'!$I$5*MAX(F15, 0.1)^2), 1/3))) -> 2.6269777 | AI15: =E15+AH15 -> 636.93698 | AJ15: =AI15+((ABS(K15)/MAX(((F15)+(G15)*(AH15))*(AH15), 0.000001))^2)/(2*'1D'!$I$5) -> 637.4697 | AM15: 0 | AN15: 0 | AO15: =AM15+AN15 -> 0 | AP15: =AP14+AO15 -> 0 | AQ15: =ABS(ABS(K15)/MAX(((F15)+(G15)*(AH15))*(AH15), 0.000001))/SQRT('1D'!$I$5*MAX((((F15)+(G15)*(AH15))*(AH15))/MAX((F15)+2*(G15)*(AH15), 0.000001), 0.000001)) -> 0.63685137 | AR15: =IF(AQ15<1, "Subcritical", "Supercritical") -> Subcritical | AS15: =((ABS(K15)*'1D'!$D$6)/(MAX(((F15)+(G15)*(AH15))*(AH15), 0.000001)*MAX(((((F15)+(G15)*(AH15))*(AH15))/MAX((F15)+2*(AH15)*SQRT(1+(G15)^2), 0.000001))^(2/3), 0.000001)))^2 -> 0.0014999923
A16: 7 | B16: 6.001 | C16: 616558.24 | D16: 3097764.6 | E16: 634.308 | F16: 6.006 | G16: 0 | H16: Normal | I16: 0.027 | J16: =B16-B15 -> 1 | K16: =MAX(0, K15-AO15) -> 51 | L16: =IF($A$2=0, IFERROR(L15, MAX('1D'!$D$16, POWER((ABS(K16)^2)/('1D'!$I$5*MAX(F16, 0.1)^2), 1/3))), IF(IFERROR(V15, 0)=0, IFERROR(L15, MAX('1D'!$D$16, POWER((ABS(K16)^2)/('1D'!$I$5*MAX(F16, 0.1)^2), 1/3))), IF(OR(IFERROR(L16, 0)=0, IFERROR(S15, 0)<1, IFERROR(S16, 0)<1), MAX('1D'!$D$16, POWER((ABS(K16)^2)/('1D'!$I$5*MAX(F16, 0.1)^2), 1/3)), IF(IFERROR(U16, 0)>0, MAX('1D'!$D$16, IFERROR(L16, 0)+((IFERROR(U16, 0))*'1D'!$D$18*IF((IFERROR(S16, 0))<1, 1, -1))), IF(IFERROR(U16, 0)<0, IF(ABS((MAX('1D'!$D$16, POWER((ABS(K16)^2)/('1D'!$I$5*MAX(F16, 0.1)^2), 1/3)))-IFERROR(L16, 0))>'1D'!$D$19, MAX('1D'!$D$16, IF((MAX('1D'!$D$16, POWER((ABS(K16)^2)/('1D'!$I$5*MAX(F16, 0.1)^2), 1/3)))>IFERROR(L16, 0), MIN((MAX('1D'!$D$16, POWER((ABS(K16)^2)/('1D'!$I$5*MAX(F16, 0.1)^2), 1/3))), IFERROR(L16, 0)+(MIN(ABS(IFERROR(U16, 0))*'1D'!$D$18, ABS((MAX('1D'!$D$16, POWER((ABS(K16)^2)/('1D'!$I$5*MAX(F16, 0.1)^2), 1/3)))-IFERROR(L16, 0))))), MAX((MAX('1D'!$D$16, POWER((ABS(K16)^2)/('1D'!$I$5*MAX(F16, 0.1)^2), 1/3))), IFERROR(L16, 0)-(MIN(ABS(IFERROR(U16, 0))*'1D'!$D$18, ABS((MAX('1D'!$D$16, POWER((ABS(K16)^2)/('1D'!$I$5*MAX(F16, 0.1)^2), 1/3)))-IFERROR(L16, 0))))))), MAX('1D'!$D$16, POWER((ABS(K16)^2)/('1D'!$I$5*MAX(F16, 0.1)^2), 1/3))), MAX('1D'!$D$16, IFERROR(L16, 0))))))) -> 1.9443162 | M16: =((F16)+(G16)*(L16))*(L16) -> 11.677563 | N16: =(((F16)+(G16)*(L16))*(L16))/MAX((F16)+2*(L16)*SQRT(1+(G16)^2), 0.000001) -> 1.1801917 | O16: =ABS(K16)/MAX(((F16)+(G16)*(L16))*(L16), 0.000001) -> 4.3673495 | P16: =E16+L16 -> 636.25232 | Q16: =P16+((ABS(K16)/MAX(((F16)+(G16)*(L16))*(L16), 0.000001))^2)/(2*'1D'!$I$5) -> 637.22447 | R16: =((ABS(K16)*'1D'!$D$6)/(MAX(((F16)+(G16)*(L16))*(L16), 0.000001)*MAX(((((F16)+(G16)*(L16))*(L16))/MAX((F16)+2*(L16)*SQRT(1+(G16)^2), 0.000001))^(2/3), 0.000001)))^2 -> 0.0034409763 | S16: =ABS(ABS(K16)/MAX(((F16)+(G16)*(L16))*(L16), 0.000001))/SQRT('1D'!$I$5*MAX((((F16)+(G16)*(L16))*(L16))/MAX((F16)+2*(G16)*(L16), 0.000001), 0.000001)) -> 1 | T16: =((F16)*(L16)^2)/2+(G16)*(L16)^3/3+(ABS(K16)^2)/('1D'!$I$5*MAX(((F16)+(G16)*(L16))*(L16), 0.000001)) -> 34.057313 | U16: =IF($A$2=0, 0, IFERROR(Q15-(((R15+R16)/2)*J16)-(IF(O15>O16, '1D'!$D$8*((O15^2-O16^2)/(2*'1D'!$I$5)), '1D'!$D$9*((O16^2-O15^2)/(2*'1D'!$I$5)))+('1D'!$D$10*(ABS(I16)/90)*(MAX(O15^2, O16^2)/(2*'1D'!$I$5))))-Q16, 0)) -> -0.0011935183 | V16: =IF($A$2=0, 1, IF(IFERROR(V15, 0)=0, 0, IFERROR(IF(ROUND(S16, 3)=1, 1, IF(AND(ABS(U16)<'1D'!$D$19, S16>1), 1, 0)), 0))) -> 1 | W16: =IF($A$2=0, MAX(MAX('1D'!$D$16, MAX('1D'!$D$16, POWER((ABS(K16)^2)/('1D'!$I$5*MAX(F16, 0.1)^2), 1/3))), IFERROR(W21, MAX(MAX('1D'!$D$16, MAX('1D'!$D$16, POWER((ABS(K16)^2)/('1D'!$I$5*MAX(F16, 0.1)^2), 1/3))), ($L$2)-E21))), IF(IFERROR(AG17, 0)=0, MAX(MAX('1D'!$D$16, MAX('1D'!$D$16, POWER((ABS(K16)^2)/('1D'!$I$5*MAX(F16, 0.1)^2), 1/3))), IFERROR(W21, MAX(MAX('1D'!$D$16, MAX('1D'!$D$16, POWER((ABS(K16)^2)/('1D'!$I$5*MAX(F16, 0.1)^2), 1/3))), ($L$2)-E21))), IF(IFERROR(W16, 0)=0, MAX(MAX('1D'!$D$16, MAX('1D'!$D$16, POWER((ABS(K16)^2)/('1D'!$I$5*MAX(F16, 0.1)^2), 1/3))), IFERROR(W21, MAX(MAX('1D'!$D$16, MAX('1D'!$D$16, POWER((ABS(K16)^2)/('1D'!$I$5*MAX(F16, 0.1)^2), 1/3))), ($L$2)-E21))), IF(OR(IFERROR(AD16, 0)>=1, IFERROR(AD17, 0)>=1), MAX('1D'!$D$16, MAX('1D'!$D$16, POWER((ABS(K16)^2)/('1D'!$I$5*MAX(F16, 0.1)^2), 1/3))), IF(ABS(IFERROR(AF16, 0))<'1D'!$D$19, MAX(MAX('1D'!$D$16, MAX('1D'!$D$16, POWER((ABS(K16)^2)/('1D'!$I$5*MAX(F16, 0.1)^2), 1/3))), IFERROR(W16, 0)), MAX(MAX('1D'!$D$16, MAX('1D'!$D$16, POWER((ABS(K16)^2)/('1D'!$I$5*MAX(F16, 0.1)^2), 1/3))), (IFERROR(W16, 0))+((IFERROR(AF16, 0))*'1D'!$D$18))))))) -> 2.6264084 | X16: =((F16)+(G16)*(W16))*(W16) -> 15.774209 | Y16: =(((F16)+(G16)*(W16))*(W16))/MAX((F16)+2*(W16)*SQRT(1+(G16)^2), 0.000001) -> 1.4010539 | Z16: =ABS(K16)/MAX(((F16)+(G16)*(W16))*(W16), 0.000001) -> 3.2331257 | AA16: =E16+W16 -> 636.93441 | AB16: =AA16+((ABS(K16)/MAX(((F16)+(G16)*(W16))*(W16), 0.000001))^2)/(2*'1D'!$I$5) -> 637.46719 | AC16: =((ABS(K16)*'1D'!$D$6)/(MAX(((F16)+(G16)*(W16))*(W16), 0.000001)*MAX(((((F16)+(G16)*(W16))*(W16))/MAX((F16)+2*(W16)*SQRT(1+(G16)^2), 0.000001))^(2/3), 0.000001)))^2 -> 0.0015002187 | AD16: =ABS(ABS(K16)/MAX(((F16)+(G16)*(W16))*(W16), 0.000001))/SQRT('1D'!$I$5*MAX((((F16)+(G16)*(W16))*(W16))/MAX((F16)+2*(G16)*(W16), 0.000001), 0.000001)) -> 0.63695236 | AE16: =((F16)*(W16)^2)/2+(G16)*(W16)^3/3+(ABS(K16)^2)/('1D'!$I$5*MAX(((F16)+(G16)*(W16))*(W16), 0.000001)) -> 37.523056 | AF16: =IF($A$2=0, 0, IFERROR(AB17+(((AC16+AC17)/2)*J17)+(IF(Z16>Z17, '1D'!$D$8*((Z16^2-Z17^2)/(2*'1D'!$I$5)), '1D'!$D$9*((Z17^2-Z16^2)/(2*'1D'!$I$5)))+('1D'!$D$10*(ABS(I17)/90)*(MAX(Z16^2, Z17^2)/(2*'1D'!$I$5))))-AB16, 0)) -> -0.00099432189 | AG16: =IF($A$2=0, 1, IF(IFERROR(AG17, 0)=0, 0, IFERROR(IF(OR(ROUND(AD16, 3)>=1, AND(ABS(AF16)<'1D'!$D$19, AD16<1)), 1, 0), 0))) -> 1 | AH16: =IFERROR(IF('1D'!V31="Supercritical", MAX('1D'!$D$16, IFERROR(L16, MAX('1D'!$D$16, POWER((ABS(K16)^2)/('1D'!$I$5*MAX(F16, 0.1)^2), 1/3)))), IF('1D'!V31="Subcritical", MAX('1D'!$D$16, IFERROR(W16, MAX('1D'!$D$16, POWER((ABS(K16)^2)/('1D'!$I$5*MAX(F16, 0.1)^2), 1/3)))), IF(IFERROR(T16, -1E+99)>=IFERROR(AE16, -1E+99), MAX('1D'!$D$16, IFERROR(L16, MAX('1D'!$D$16, POWER((ABS(K16)^2)/('1D'!$I$5*MAX(F16, 0.1)^2), 1/3)))), MAX('1D'!$D$16, IFERROR(W16, MAX('1D'!$D$16, POWER((ABS(K16)^2)/('1D'!$I$5*MAX(F16, 0.1)^2), 1/3))))))), MAX('1D'!$D$16, POWER((ABS(K16)^2)/('1D'!$I$5*MAX(F16, 0.1)^2), 1/3))) -> 2.6264084 | AI16: =E16+AH16 -> 636.93441 | AJ16: =AI16+((ABS(K16)/MAX(((F16)+(G16)*(AH16))*(AH16), 0.000001))^2)/(2*'1D'!$I$5) -> 637.46719 | AM16: 0 | AN16: 0 | AO16: =AM16+AN16 -> 0 | AP16: =AP15+AO16 -> 0 | AQ16: =ABS(ABS(K16)/MAX(((F16)+(G16)*(AH16))*(AH16), 0.000001))/SQRT('1D'!$I$5*MAX((((F16)+(G16)*(AH16))*(AH16))/MAX((F16)+2*(G16)*(AH16), 0.000001), 0.000001)) -> 0.63695236 | AR16: =IF(AQ16<1, "Subcritical", "Supercritical") -> Subcritical | AS16: =((ABS(K16)*'1D'!$D$6)/(MAX(((F16)+(G16)*(AH16))*(AH16), 0.000001)*MAX(((((F16)+(G16)*(AH16))*(AH16))/MAX((F16)+2*(AH16)*SQRT(1+(G16)^2), 0.000001))^(2/3), 0.000001)))^2 -> 0.0015002187
A17: 8 | B17: 7 | C17: 616557.77 | D17: 3097763.8 | E17: 634.306 | F17: 6.006 | G17: 0 | H17: Normal | I17: 0.027 | J17: =B17-B16 -> 0.999 | K17: =MAX(0, K16-AO16) -> 51 | L17: =IF($A$2=0, IFERROR(L16, MAX('1D'!$D$16, POWER((ABS(K17)^2)/('1D'!$I$5*MAX(F17, 0.1)^2), 1/3))), IF(IFERROR(V16, 0)=0, IFERROR(L16, MAX('1D'!$D$16, POWER((ABS(K17)^2)/('1D'!$I$5*MAX(F17, 0.1)^2), 1/3))), IF(OR(IFERROR(L17, 0)=0, IFERROR(S16, 0)<1, IFERROR(S17, 0)<1), MAX('1D'!$D$16, POWER((ABS(K17)^2)/('1D'!$I$5*MAX(F17, 0.1)^2), 1/3)), IF(IFERROR(U17, 0)>0, MAX('1D'!$D$16, IFERROR(L17, 0)+((IFERROR(U17, 0))*'1D'!$D$18*IF((IFERROR(S17, 0))<1, 1, -1))), IF(IFERROR(U17, 0)<0, IF(ABS((MAX('1D'!$D$16, POWER((ABS(K17)^2)/('1D'!$I$5*MAX(F17, 0.1)^2), 1/3)))-IFERROR(L17, 0))>'1D'!$D$19, MAX('1D'!$D$16, IF((MAX('1D'!$D$16, POWER((ABS(K17)^2)/('1D'!$I$5*MAX(F17, 0.1)^2), 1/3)))>IFERROR(L17, 0), MIN((MAX('1D'!$D$16, POWER((ABS(K17)^2)/('1D'!$I$5*MAX(F17, 0.1)^2), 1/3))), IFERROR(L17, 0)+(MIN(ABS(IFERROR(U17, 0))*'1D'!$D$18, ABS((MAX('1D'!$D$16, POWER((ABS(K17)^2)/('1D'!$I$5*MAX(F17, 0.1)^2), 1/3)))-IFERROR(L17, 0))))), MAX((MAX('1D'!$D$16, POWER((ABS(K17)^2)/('1D'!$I$5*MAX(F17, 0.1)^2), 1/3))), IFERROR(L17, 0)-(MIN(ABS(IFERROR(U17, 0))*'1D'!$D$18, ABS((MAX('1D'!$D$16, POWER((ABS(K17)^2)/('1D'!$I$5*MAX(F17, 0.1)^2), 1/3)))-IFERROR(L17, 0))))))), MAX('1D'!$D$16, POWER((ABS(K17)^2)/('1D'!$I$5*MAX(F17, 0.1)^2), 1/3))), MAX('1D'!$D$16, IFERROR(L17, 0))))))) -> 1.9443162 | M17: =((F17)+(G17)*(L17))*(L17) -> 11.677563 | N17: =(((F17)+(G17)*(L17))*(L17))/MAX((F17)+2*(L17)*SQRT(1+(G17)^2), 0.000001) -> 1.1801917 | O17: =ABS(K17)/MAX(((F17)+(G17)*(L17))*(L17), 0.000001) -> 4.3673495 | P17: =E17+L17 -> 636.25032 | Q17: =P17+((ABS(K17)/MAX(((F17)+(G17)*(L17))*(L17), 0.000001))^2)/(2*'1D'!$I$5) -> 637.22247 | R17: =((ABS(K17)*'1D'!$D$6)/(MAX(((F17)+(G17)*(L17))*(L17), 0.000001)*MAX(((((F17)+(G17)*(L17))*(L17))/MAX((F17)+2*(L17)*SQRT(1+(G17)^2), 0.000001))^(2/3), 0.000001)))^2 -> 0.0034409763 | S17: =ABS(ABS(K17)/MAX(((F17)+(G17)*(L17))*(L17), 0.000001))/SQRT('1D'!$I$5*MAX((((F17)+(G17)*(L17))*(L17))/MAX((F17)+2*(G17)*(L17), 0.000001), 0.000001)) -> 1 | T17: =((F17)*(L17)^2)/2+(G17)*(L17)^3/3+(ABS(K17)^2)/('1D'!$I$5*MAX(((F17)+(G17)*(L17))*(L17), 0.000001)) -> 34.057313 | U17: =IF($A$2=0, 0, IFERROR(Q16-(((R16+R17)/2)*J17)-(IF(O16>O17, '1D'!$D$8*((O16^2-O17^2)/(2*'1D'!$I$5)), '1D'!$D$9*((O17^2-O16^2)/(2*'1D'!$I$5)))+('1D'!$D$10*(ABS(I17)/90)*(MAX(O16^2, O17^2)/(2*'1D'!$I$5))))-Q17, 0)) -> -0.0014812824 | V17: =IF($A$2=0, 1, IF(IFERROR(V16, 0)=0, 0, IFERROR(IF(ROUND(S17, 3)=1, 1, IF(AND(ABS(U17)<'1D'!$D$19, S17>1), 1, 0)), 0))) -> 1 | W17: =IF($A$2=0, MAX(MAX('1D'!$D$16, MAX('1D'!$D$16, POWER((ABS(K17)^2)/('1D'!$I$5*MAX(F17, 0.1)^2), 1/3))), IFERROR(W21, MAX(MAX('1D'!$D$16, MAX('1D'!$D$16, POWER((ABS(K17)^2)/('1D'!$I$5*MAX(F17, 0.1)^2), 1/3))), ($L$2)-E21))), IF(IFERROR(AG18, 0)=0, MAX(MAX('1D'!$D$16, MAX('1D'!$D$16, POWER((ABS(K17)^2)/('1D'!$I$5*MAX(F17, 0.1)^2), 1/3))), IFERROR(W21, MAX(MAX('1D'!$D$16, MAX('1D'!$D$16, POWER((ABS(K17)^2)/('1D'!$I$5*MAX(F17, 0.1)^2), 1/3))), ($L$2)-E21))), IF(IFERROR(W17, 0)=0, MAX(MAX('1D'!$D$16, MAX('1D'!$D$16, POWER((ABS(K17)^2)/('1D'!$I$5*MAX(F17, 0.1)^2), 1/3))), IFERROR(W21, MAX(MAX('1D'!$D$16, MAX('1D'!$D$16, POWER((ABS(K17)^2)/('1D'!$I$5*MAX(F17, 0.1)^2), 1/3))), ($L$2)-E21))), IF(OR(IFERROR(AD17, 0)>=1, IFERROR(AD18, 0)>=1), MAX('1D'!$D$16, MAX('1D'!$D$16, POWER((ABS(K17)^2)/('1D'!$I$5*MAX(F17, 0.1)^2), 1/3))), IF(ABS(IFERROR(AF17, 0))<'1D'!$D$19, MAX(MAX('1D'!$D$16, MAX('1D'!$D$16, POWER((ABS(K17)^2)/('1D'!$I$5*MAX(F17, 0.1)^2), 1/3))), IFERROR(W17, 0)), MAX(MAX('1D'!$D$16, MAX('1D'!$D$16, POWER((ABS(K17)^2)/('1D'!$I$5*MAX(F17, 0.1)^2), 1/3))), (IFERROR(W17, 0))+((IFERROR(AF17, 0))*'1D'!$D$18))))))) -> 2.625473 | X17: =((F17)+(G17)*(W17))*(W17) -> 15.768591 | Y17: =(((F17)+(G17)*(W17))*(W17))/MAX((F17)+2*(W17)*SQRT(1+(G17)^2), 0.000001) -> 1.4007876 | Z17: =ABS(K17)/MAX(((F17)+(G17)*(W17))*(W17), 0.000001) -> 3.2342776 | AA17: =E17+W17 -> 636.93147 | AB17: =AA17+((ABS(K17)/MAX(((F17)+(G17)*(W17))*(W17), 0.000001))^2)/(2*'1D'!$I$5) -> 637.46463 | AC17: =((ABS(K17)*'1D'!$D$6)/(MAX(((F17)+(G17)*(W17))*(W17), 0.000001)*MAX(((((F17)+(G17)*(W17))*(W17))/MAX((F17)+2*(W17)*SQRT(1+(G17)^2), 0.000001))^(2/3), 0.000001)))^2 -> 0.0015016684 | AD17: =ABS(ABS(K17)/MAX(((F17)+(G17)*(W17))*(W17), 0.000001))/SQRT('1D'!$I$5*MAX((((F17)+(G17)*(W17))*(W17))/MAX((F17)+2*(G17)*(W17), 0.000001), 0.000001)) -> 0.63729281 | AE17: =((F17)*(W17)^2)/2+(G17)*(W17)^3/3+(ABS(K17)^2)/('1D'!$I$5*MAX(((F17)+(G17)*(W17))*(W17), 0.000001)) -> 37.514292 | AF17: =IF($A$2=0, 0, IFERROR(AB18+(((AC17+AC18)/2)*J18)+(IF(Z17>Z18, '1D'!$D$8*((Z17^2-Z18^2)/(2*'1D'!$I$5)), '1D'!$D$9*((Z18^2-Z17^2)/(2*'1D'!$I$5)))+('1D'!$D$10*(ABS(I18)/90)*(MAX(Z17^2, Z18^2)/(2*'1D'!$I$5))))-AB17, 0)) -> -0.00091952516 | AG17: =IF($A$2=0, 1, IF(IFERROR(AG18, 0)=0, 0, IFERROR(IF(OR(ROUND(AD17, 3)>=1, AND(ABS(AF17)<'1D'!$D$19, AD17<1)), 1, 0), 0))) -> 1 | AH17: =IFERROR(IF('1D'!V31="Supercritical", MAX('1D'!$D$16, IFERROR(L17, MAX('1D'!$D$16, POWER((ABS(K17)^2)/('1D'!$I$5*MAX(F17, 0.1)^2), 1/3)))), IF('1D'!V31="Subcritical", MAX('1D'!$D$16, IFERROR(W17, MAX('1D'!$D$16, POWER((ABS(K17)^2)/('1D'!$I$5*MAX(F17, 0.1)^2), 1/3)))), IF(IFERROR(T17, -1E+99)>=IFERROR(AE17, -1E+99), MAX('1D'!$D$16, IFERROR(L17, MAX('1D'!$D$16, POWER((ABS(K17)^2)/('1D'!$I$5*MAX(F17, 0.1)^2), 1/3)))), MAX('1D'!$D$16, IFERROR(W17, MAX('1D'!$D$16, POWER((ABS(K17)^2)/('1D'!$I$5*MAX(F17, 0.1)^2), 1/3))))))), MAX('1D'!$D$16, POWER((ABS(K17)^2)/('1D'!$I$5*MAX(F17, 0.1)^2), 1/3))) -> 2.625473 | AI17: =E17+AH17 -> 636.93147 | AJ17: =AI17+((ABS(K17)/MAX(((F17)+(G17)*(AH17))*(AH17), 0.000001))^2)/(2*'1D'!$I$5) -> 637.46463 | AM17: 0 | AN17: 0 | AO17: =AM17+AN17 -> 0 | AP17: =AP16+AO17 -> 0 | AQ17: =ABS(ABS(K17)/MAX(((F17)+(G17)*(AH17))*(AH17), 0.000001))/SQRT('1D'!$I$5*MAX((((F17)+(G17)*(AH17))*(AH17))/MAX((F17)+2*(G17)*(AH17), 0.000001), 0.000001)) -> 0.63729281 | AR17: =IF(AQ17<1, "Subcritical", "Supercritical") -> Subcritical | AS17: =((ABS(K17)*'1D'!$D$6)/(MAX(((F17)+(G17)*(AH17))*(AH17), 0.000001)*MAX(((((F17)+(G17)*(AH17))*(AH17))/MAX((F17)+2*(AH17)*SQRT(1+(G17)^2), 0.000001))^(2/3), 0.000001)))^2 -> 0.0015016684
A18: 9 | B18: 8.001 | C18: 616557.3 | D18: 3097762.9 | E18: 634.304 | F18: 6.007 | G18: 0 | H18: Normal | I18: 0 | J18: =B18-B17 -> 1.001 | K18: =MAX(0, K17-AO17) -> 51 | L18: =IF($A$2=0, IFERROR(L17, MAX('1D'!$D$16, POWER((ABS(K18)^2)/('1D'!$I$5*MAX(F18, 0.1)^2), 1/3))), IF(IFERROR(V17, 0)=0, IFERROR(L17, MAX('1D'!$D$16, POWER((ABS(K18)^2)/('1D'!$I$5*MAX(F18, 0.1)^2), 1/3))), IF(OR(IFERROR(L18, 0)=0, IFERROR(S17, 0)<1, IFERROR(S18, 0)<1), MAX('1D'!$D$16, POWER((ABS(K18)^2)/('1D'!$I$5*MAX(F18, 0.1)^2), 1/3)), IF(IFERROR(U18, 0)>0, MAX('1D'!$D$16, IFERROR(L18, 0)+((IFERROR(U18, 0))*'1D'!$D$18*IF((IFERROR(S18, 0))<1, 1, -1))), IF(IFERROR(U18, 0)<0, IF(ABS((MAX('1D'!$D$16, POWER((ABS(K18)^2)/('1D'!$I$5*MAX(F18, 0.1)^2), 1/3)))-IFERROR(L18, 0))>'1D'!$D$19, MAX('1D'!$D$16, IF((MAX('1D'!$D$16, POWER((ABS(K18)^2)/('1D'!$I$5*MAX(F18, 0.1)^2), 1/3)))>IFERROR(L18, 0), MIN((MAX('1D'!$D$16, POWER((ABS(K18)^2)/('1D'!$I$5*MAX(F18, 0.1)^2), 1/3))), IFERROR(L18, 0)+(MIN(ABS(IFERROR(U18, 0))*'1D'!$D$18, ABS((MAX('1D'!$D$16, POWER((ABS(K18)^2)/('1D'!$I$5*MAX(F18, 0.1)^2), 1/3)))-IFERROR(L18, 0))))), MAX((MAX('1D'!$D$16, POWER((ABS(K18)^2)/('1D'!$I$5*MAX(F18, 0.1)^2), 1/3))), IFERROR(L18, 0)-(MIN(ABS(IFERROR(U18, 0))*'1D'!$D$18, ABS((MAX('1D'!$D$16, POWER((ABS(K18)^2)/('1D'!$I$5*MAX(F18, 0.1)^2), 1/3)))-IFERROR(L18, 0))))))), MAX('1D'!$D$16, POWER((ABS(K18)^2)/('1D'!$I$5*MAX(F18, 0.1)^2), 1/3))), MAX('1D'!$D$16, IFERROR(L18, 0))))))) -> 1.9441004 | M18: =((F18)+(G18)*(L18))*(L18) -> 11.678211 | N18: =(((F18)+(G18)*(L18))*(L18))/MAX((F18)+2*(L18)*SQRT(1+(G18)^2), 0.000001) -> 1.1801894 | O18: =ABS(K18)/MAX(((F18)+(G18)*(L18))*(L18), 0.000001) -> 4.3671072 | P18: =E18+L18 -> 636.2481 | Q18: =P18+((ABS(K18)/MAX(((F18)+(G18)*(L18))*(L18), 0.000001))^2)/(2*'1D'!$I$5) -> 637.22015 | R18: =((ABS(K18)*'1D'!$D$6)/(MAX(((F18)+(G18)*(L18))*(L18), 0.000001)*MAX(((((F18)+(G18)*(L18))*(L18))/MAX((F18)+2*(L18)*SQRT(1+(G18)^2), 0.000001))^(2/3), 0.000001)))^2 -> 0.0034406033 | S18: =ABS(ABS(K18)/MAX(((F18)+(G18)*(L18))*(L18), 0.000001))/SQRT('1D'!$I$5*MAX((((F18)+(G18)*(L18))*(L18))/MAX((F18)+2*(G18)*(L18), 0.000001), 0.000001)) -> 1 | T18: =((F18)*(L18)^2)/2+(G18)*(L18)^3/3+(ABS(K18)^2)/('1D'!$I$5*MAX(((F18)+(G18)*(L18))*(L18), 0.000001)) -> 34.055423 | U18: =IF($A$2=0, 0, IFERROR(Q17-(((R17+R18)/2)*J18)-(IF(O17>O18, '1D'!$D$8*((O17^2-O18^2)/(2*'1D'!$I$5)), '1D'!$D$9*((O18^2-O17^2)/(2*'1D'!$I$5)))+('1D'!$D$10*(ABS(I18)/90)*(MAX(O17^2, O18^2)/(2*'1D'!$I$5))))-Q18, 0)) -> -0.0011529149 | V18: =IF($A$2=0, 1, IF(IFERROR(V17, 0)=0, 0, IFERROR(IF(ROUND(S18, 3)=1, 1, IF(AND(ABS(U18)<'1D'!$D$19, S18>1), 1, 0)), 0))) -> 1 | W18: =IF($A$2=0, MAX(MAX('1D'!$D$16, MAX('1D'!$D$16, POWER((ABS(K18)^2)/('1D'!$I$5*MAX(F18, 0.1)^2), 1/3))), IFERROR(W21, MAX(MAX('1D'!$D$16, MAX('1D'!$D$16, POWER((ABS(K18)^2)/('1D'!$I$5*MAX(F18, 0.1)^2), 1/3))), ($L$2)-E21))), IF(IFERROR(AG19, 0)=0, MAX(MAX('1D'!$D$16, MAX('1D'!$D$16, POWER((ABS(K18)^2)/('1D'!$I$5*MAX(F18, 0.1)^2), 1/3))), IFERROR(W21, MAX(MAX('1D'!$D$16, MAX('1D'!$D$16, POWER((ABS(K18)^2)/('1D'!$I$5*MAX(F18, 0.1)^2), 1/3))), ($L$2)-E21))), IF(IFERROR(W18, 0)=0, MAX(MAX('1D'!$D$16, MAX('1D'!$D$16, POWER((ABS(K18)^2)/('1D'!$I$5*MAX(F18, 0.1)^2), 1/3))), IFERROR(W21, MAX(MAX('1D'!$D$16, MAX('1D'!$D$16, POWER((ABS(K18)^2)/('1D'!$I$5*MAX(F18, 0.1)^2), 1/3))), ($L$2)-E21))), IF(OR(IFERROR(AD18, 0)>=1, IFERROR(AD19, 0)>=1), MAX('1D'!$D$16, MAX('1D'!$D$16, POWER((ABS(K18)^2)/('1D'!$I$5*MAX(F18, 0.1)^2), 1/3))), IF(ABS(IFERROR(AF18, 0))<'1D'!$D$19, MAX(MAX('1D'!$D$16, MAX('1D'!$D$16, POWER((ABS(K18)^2)/('1D'!$I$5*MAX(F18, 0.1)^2), 1/3))), IFERROR(W18, 0)), MAX(MAX('1D'!$D$16, MAX('1D'!$D$16, POWER((ABS(K18)^2)/('1D'!$I$5*MAX(F18, 0.1)^2), 1/3))), (IFERROR(W18, 0))+((IFERROR(AF18, 0))*'1D'!$D$18))))))) -> 2.625056 | X18: =((F18)+(G18)*(W18))*(W18) -> 15.768711 | Y18: =(((F18)+(G18)*(W18))*(W18))/MAX((F18)+2*(W18)*SQRT(1+(G18)^2), 0.000001) -> 1.4007777 | Z18: =ABS(K18)/MAX(((F18)+(G18)*(W18))*(W18), 0.000001) -> 3.2342529 | AA18: =E18+W18 -> 636.92906 | AB18: =AA18+((ABS(K18)/MAX(((F18)+(G18)*(W18))*(W18), 0.000001))^2)/(2*'1D'!$I$5) -> 637.46221 | AC18: =((ABS(K18)*'1D'!$D$6)/(MAX(((F18)+(G18)*(W18))*(W18), 0.000001)*MAX(((((F18)+(G18)*(W18))*(W18))/MAX((F18)+2*(W18)*SQRT(1+(G18)^2), 0.000001))^(2/3), 0.000001)))^2 -> 0.0015016597 | AD18: =ABS(ABS(K18)/MAX(((F18)+(G18)*(W18))*(W18), 0.000001))/SQRT('1D'!$I$5*MAX((((F18)+(G18)*(W18))*(W18))/MAX((F18)+2*(G18)*(W18), 0.000001), 0.000001)) -> 0.63733855 | AE18: =((F18)*(W18)^2)/2+(G18)*(W18)^3/3+(ABS(K18)^2)/('1D'!$I$5*MAX(((F18)+(G18)*(W18))*(W18), 0.000001)) -> 37.511034 | AF18: =IF($A$2=0, 0, IFERROR(AB19+(((AC18+AC19)/2)*J19)+(IF(Z18>Z19, '1D'!$D$8*((Z18^2-Z19^2)/(2*'1D'!$I$5)), '1D'!$D$9*((Z19^2-Z18^2)/(2*'1D'!$I$5)))+('1D'!$D$10*(ABS(I19)/90)*(MAX(Z18^2, Z19^2)/(2*'1D'!$I$5))))-AB18, 0)) -> -0.00092798636 | AG18: =IF($A$2=0, 1, IF(IFERROR(AG19, 0)=0, 0, IFERROR(IF(OR(ROUND(AD18, 3)>=1, AND(ABS(AF18)<'1D'!$D$19, AD18<1)), 1, 0), 0))) -> 1 | AH18: =IFERROR(IF('1D'!V31="Supercritical", MAX('1D'!$D$16, IFERROR(L18, MAX('1D'!$D$16, POWER((ABS(K18)^2)/('1D'!$I$5*MAX(F18, 0.1)^2), 1/3)))), IF('1D'!V31="Subcritical", MAX('1D'!$D$16, IFERROR(W18, MAX('1D'!$D$16, POWER((ABS(K18)^2)/('1D'!$I$5*MAX(F18, 0.1)^2), 1/3)))), IF(IFERROR(T18, -1E+99)>=IFERROR(AE18, -1E+99), MAX('1D'!$D$16, IFERROR(L18, MAX('1D'!$D$16, POWER((ABS(K18)^2)/('1D'!$I$5*MAX(F18, 0.1)^2), 1/3)))), MAX('1D'!$D$16, IFERROR(W18, MAX('1D'!$D$16, POWER((ABS(K18)^2)/('1D'!$I$5*MAX(F18, 0.1)^2), 1/3))))))), MAX('1D'!$D$16, POWER((ABS(K18)^2)/('1D'!$I$5*MAX(F18, 0.1)^2), 1/3))) -> 2.625056 | AI18: =E18+AH18 -> 636.92906 | AJ18: =AI18+((ABS(K18)/MAX(((F18)+(G18)*(AH18))*(AH18), 0.000001))^2)/(2*'1D'!$I$5) -> 637.46221 | AM18: 0 | AN18: 0 | AO18: =AM18+AN18 -> 0 | AP18: =AP17+AO18 -> 0 | AQ18: =ABS(ABS(K18)/MAX(((F18)+(G18)*(AH18))*(AH18), 0.000001))/SQRT('1D'!$I$5*MAX((((F18)+(G18)*(AH18))*(AH18))/MAX((F18)+2*(G18)*(AH18), 0.000001), 0.000001)) -> 0.63733855 | AR18: =IF(AQ18<1, "Subcritical", "Supercritical") -> Subcritical | AS18: =((ABS(K18)*'1D'!$D$6)/(MAX(((F18)+(G18)*(AH18))*(AH18), 0.000001)*MAX(((((F18)+(G18)*(AH18))*(AH18))/MAX((F18)+2*(AH18)*SQRT(1+(G18)^2), 0.000001))^(2/3), 0.000001)))^2 -> 0.0015016597
A19: 10 | B19: 9.001 | C19: 616556.83 | D19: 3097762 | E19: 634.302 | F19: 6.007 | G19: 0 | H19: Normal | I19: 0.027 | J19: =B19-B18 -> 1 | K19: =MAX(0, K18-AO18) -> 51 | L19: =IF($A$2=0, IFERROR(L18, MAX('1D'!$D$16, POWER((ABS(K19)^2)/('1D'!$I$5*MAX(F19, 0.1)^2), 1/3))), IF(IFERROR(V18, 0)=0, IFERROR(L18, MAX('1D'!$D$16, POWER((ABS(K19)^2)/('1D'!$I$5*MAX(F19, 0.1)^2), 1/3))), IF(OR(IFERROR(L19, 0)=0, IFERROR(S18, 0)<1, IFERROR(S19, 0)<1), MAX('1D'!$D$16, POWER((ABS(K19)^2)/('1D'!$I$5*MAX(F19, 0.1)^2), 1/3)), IF(IFERROR(U19, 0)>0, MAX('1D'!$D$16, IFERROR(L19, 0)+((IFERROR(U19, 0))*'1D'!$D$18*IF((IFERROR(S19, 0))<1, 1, -1))), IF(IFERROR(U19, 0)<0, IF(ABS((MAX('1D'!$D$16, POWER((ABS(K19)^2)/('1D'!$I$5*MAX(F19, 0.1)^2), 1/3)))-IFERROR(L19, 0))>'1D'!$D$19, MAX('1D'!$D$16, IF((MAX('1D'!$D$16, POWER((ABS(K19)^2)/('1D'!$I$5*MAX(F19, 0.1)^2), 1/3)))>IFERROR(L19, 0), MIN((MAX('1D'!$D$16, POWER((ABS(K19)^2)/('1D'!$I$5*MAX(F19, 0.1)^2), 1/3))), IFERROR(L19, 0)+(MIN(ABS(IFERROR(U19, 0))*'1D'!$D$18, ABS((MAX('1D'!$D$16, POWER((ABS(K19)^2)/('1D'!$I$5*MAX(F19, 0.1)^2), 1/3)))-IFERROR(L19, 0))))), MAX((MAX('1D'!$D$16, POWER((ABS(K19)^2)/('1D'!$I$5*MAX(F19, 0.1)^2), 1/3))), IFERROR(L19, 0)-(MIN(ABS(IFERROR(U19, 0))*'1D'!$D$18, ABS((MAX('1D'!$D$16, POWER((ABS(K19)^2)/('1D'!$I$5*MAX(F19, 0.1)^2), 1/3)))-IFERROR(L19, 0))))))), MAX('1D'!$D$16, POWER((ABS(K19)^2)/('1D'!$I$5*MAX(F19, 0.1)^2), 1/3))), MAX('1D'!$D$16, IFERROR(L19, 0))))))) -> 1.9441004 | M19: =((F19)+(G19)*(L19))*(L19) -> 11.678211 | N19: =(((F19)+(G19)*(L19))*(L19))/MAX((F19)+2*(L19)*SQRT(1+(G19)^2), 0.000001) -> 1.1801894 | O19: =ABS(K19)/MAX(((F19)+(G19)*(L19))*(L19), 0.000001) -> 4.3671072 | P19: =E19+L19 -> 636.2461 | Q19: =P19+((ABS(K19)/MAX(((F19)+(G19)*(L19))*(L19), 0.000001))^2)/(2*'1D'!$I$5) -> 637.21815 | R19: =((ABS(K19)*'1D'!$D$6)/(MAX(((F19)+(G19)*(L19))*(L19), 0.000001)*MAX(((((F19)+(G19)*(L19))*(L19))/MAX((F19)+2*(L19)*SQRT(1+(G19)^2), 0.000001))^(2/3), 0.000001)))^2 -> 0.0034406033 | S19: =ABS(ABS(K19)/MAX(((F19)+(G19)*(L19))*(L19), 0.000001))/SQRT('1D'!$I$5*MAX((((F19)+(G19)*(L19))*(L19))/MAX((F19)+2*(G19)*(L19), 0.000001), 0.000001)) -> 1 | T19: =((F19)*(L19)^2)/2+(G19)*(L19)^3/3+(ABS(K19)^2)/('1D'!$I$5*MAX(((F19)+(G19)*(L19))*(L19), 0.000001)) -> 34.055423 | U19: =IF($A$2=0, 0, IFERROR(Q18-(((R18+R19)/2)*J19)-(IF(O18>O19, '1D'!$D$8*((O18^2-O19^2)/(2*'1D'!$I$5)), '1D'!$D$9*((O19^2-O18^2)/(2*'1D'!$I$5)))+('1D'!$D$10*(ABS(I19)/90)*(MAX(O18^2, O19^2)/(2*'1D'!$I$5))))-Q19, 0)) -> -0.0014843456 | V19: =IF($A$2=0, 1, IF(IFERROR(V18, 0)=0, 0, IFERROR(IF(ROUND(S19, 3)=1, 1, IF(AND(ABS(U19)<'1D'!$D$19, S19>1), 1, 0)), 0))) -> 1 | W19: =IF($A$2=0, MAX(MAX('1D'!$D$16, MAX('1D'!$D$16, POWER((ABS(K19)^2)/('1D'!$I$5*MAX(F19, 0.1)^2), 1/3))), IFERROR(W21, MAX(MAX('1D'!$D$16, MAX('1D'!$D$16, POWER((ABS(K19)^2)/('1D'!$I$5*MAX(F19, 0.1)^2), 1/3))), ($L$2)-E21))), IF(IFERROR(AG20, 0)=0, MAX(MAX('1D'!$D$16, MAX('1D'!$D$16, POWER((ABS(K19)^2)/('1D'!$I$5*MAX(F19, 0.1)^2), 1/3))), IFERROR(W21, MAX(MAX('1D'!$D$16, MAX('1D'!$D$16, POWER((ABS(K19)^2)/('1D'!$I$5*MAX(F19, 0.1)^2), 1/3))), ($L$2)-E21))), IF(IFERROR(W19, 0)=0, MAX(MAX('1D'!$D$16, MAX('1D'!$D$16, POWER((ABS(K19)^2)/('1D'!$I$5*MAX(F19, 0.1)^2), 1/3))), IFERROR(W21, MAX(MAX('1D'!$D$16, MAX('1D'!$D$16, POWER((ABS(K19)^2)/('1D'!$I$5*MAX(F19, 0.1)^2), 1/3))), ($L$2)-E21))), IF(OR(IFERROR(AD19, 0)>=1, IFERROR(AD20, 0)>=1), MAX('1D'!$D$16, MAX('1D'!$D$16, POWER((ABS(K19)^2)/('1D'!$I$5*MAX(F19, 0.1)^2), 1/3))), IF(ABS(IFERROR(AF19, 0))<'1D'!$D$19, MAX(MAX('1D'!$D$16, MAX('1D'!$D$16, POWER((ABS(K19)^2)/('1D'!$I$5*MAX(F19, 0.1)^2), 1/3))), IFERROR(W19, 0)), MAX(MAX('1D'!$D$16, MAX('1D'!$D$16, POWER((ABS(K19)^2)/('1D'!$I$5*MAX(F19, 0.1)^2), 1/3))), (IFERROR(W19, 0))+((IFERROR(AF19, 0))*'1D'!$D$18))))))) -> 2.6242344 | X19: =((F19)+(G19)*(W19))*(W19) -> 15.763776 | Y19: =(((F19)+(G19)*(W19))*(W19))/MAX((F19)+2*(W19)*SQRT(1+(G19)^2), 0.000001) -> 1.4005437 | Z19: =ABS(K19)/MAX(((F19)+(G19)*(W19))*(W19), 0.000001) -> 3.2352654 | AA19: =E19+W19 -> 636.92623 | AB19: =AA19+((ABS(K19)/MAX(((F19)+(G19)*(W19))*(W19), 0.000001))^2)/(2*'1D'!$I$5) -> 637.45972 | AC19: =((ABS(K19)*'1D'!$D$6)/(MAX(((F19)+(G19)*(W19))*(W19), 0.000001)*MAX(((((F19)+(G19)*(W19))*(W19))/MAX((F19)+2*(W19)*SQRT(1+(G19)^2), 0.000001))^(2/3), 0.000001)))^2 -> 0.0015029347 | AD19: =ABS(ABS(K19)/MAX(((F19)+(G19)*(W19))*(W19), 0.000001))/SQRT('1D'!$I$5*MAX((((F19)+(G19)*(W19))*(W19))/MAX((F19)+2*(G19)*(W19), 0.000001), 0.000001)) -> 0.63763786 | AE19: =((F19)*(W19)^2)/2+(G19)*(W19)^3/3+(ABS(K19)^2)/('1D'!$I$5*MAX(((F19)+(G19)*(W19))*(W19), 0.000001)) -> 37.503345 | AF19: =IF($A$2=0, 0, IFERROR(AB20+(((AC19+AC20)/2)*J20)+(IF(Z19>Z20, '1D'!$D$8*((Z19^2-Z20^2)/(2*'1D'!$I$5)), '1D'!$D$9*((Z20^2-Z19^2)/(2*'1D'!$I$5)))+('1D'!$D$10*(ABS(I20)/90)*(MAX(Z19^2, Z20^2)/(2*'1D'!$I$5))))-AB19, 0)) -> -0.00093083163 | AG19: =IF($A$2=0, 1, IF(IFERROR(AG20, 0)=0, 0, IFERROR(IF(OR(ROUND(AD19, 3)>=1, AND(ABS(AF19)<'1D'!$D$19, AD19<1)), 1, 0), 0))) -> 1 | AH19: =IFERROR(IF('1D'!V31="Supercritical", MAX('1D'!$D$16, IFERROR(L19, MAX('1D'!$D$16, POWER((ABS(K19)^2)/('1D'!$I$5*MAX(F19, 0.1)^2), 1/3)))), IF('1D'!V31="Subcritical", MAX('1D'!$D$16, IFERROR(W19, MAX('1D'!$D$16, POWER((ABS(K19)^2)/('1D'!$I$5*MAX(F19, 0.1)^2), 1/3)))), IF(IFERROR(T19, -1E+99)>=IFERROR(AE19, -1E+99), MAX('1D'!$D$16, IFERROR(L19, MAX('1D'!$D$16, POWER((ABS(K19)^2)/('1D'!$I$5*MAX(F19, 0.1)^2), 1/3)))), MAX('1D'!$D$16, IFERROR(W19, MAX('1D'!$D$16, POWER((ABS(K19)^2)/('1D'!$I$5*MAX(F19, 0.1)^2), 1/3))))))), MAX('1D'!$D$16, POWER((ABS(K19)^2)/('1D'!$I$5*MAX(F19, 0.1)^2), 1/3))) -> 2.6242344 | AI19: =E19+AH19 -> 636.92623 | AJ19: =AI19+((ABS(K19)/MAX(((F19)+(G19)*(AH19))*(AH19), 0.000001))^2)/(2*'1D'!$I$5) -> 637.45972 | AM19: 0 | AN19: 0 | AO19: =AM19+AN19 -> 0 | AP19: =AP18+AO19 -> 0 | AQ19: =ABS(ABS(K19)/MAX(((F19)+(G19)*(AH19))*(AH19), 0.000001))/SQRT('1D'!$I$5*MAX((((F19)+(G19)*(AH19))*(AH19))/MAX((F19)+2*(G19)*(AH19), 0.000001), 0.000001)) -> 0.63763786 | AR19: =IF(AQ19<1, "Subcritical", "Supercritical") -> Subcritical | AS19: =((ABS(K19)*'1D'!$D$6)/(MAX(((F19)+(G19)*(AH19))*(AH19), 0.000001)*MAX(((((F19)+(G19)*(AH19))*(AH19))/MAX((F19)+2*(AH19)*SQRT(1+(G19)^2), 0.000001))^(2/3), 0.000001)))^2 -> 0.0015029347
A20: 11 | B20: 10 | C20: 616556.36 | D20: 3097761.1 | E20: 634.3 | F20: 6.42 | G20: 0 | H20: Normal | I20: 0.071 | J20: =B20-B19 -> 0.999 | K20: =MAX(0, K19-AO19) -> 51 | L20: =IF($A$2=0, IFERROR(L19, MAX('1D'!$D$16, POWER((ABS(K20)^2)/('1D'!$I$5*MAX(F20, 0.1)^2), 1/3))), IF(IFERROR(V19, 0)=0, IFERROR(L19, MAX('1D'!$D$16, POWER((ABS(K20)^2)/('1D'!$I$5*MAX(F20, 0.1)^2), 1/3))), IF(OR(IFERROR(L20, 0)=0, IFERROR(S19, 0)<1, IFERROR(S20, 0)<1), MAX('1D'!$D$16, POWER((ABS(K20)^2)/('1D'!$I$5*MAX(F20, 0.1)^2), 1/3)), IF(IFERROR(U20, 0)>0, MAX('1D'!$D$16, IFERROR(L20, 0)+((IFERROR(U20, 0))*'1D'!$D$18*IF((IFERROR(S20, 0))<1, 1, -1))), IF(IFERROR(U20, 0)<0, IF(ABS((MAX('1D'!$D$16, POWER((ABS(K20)^2)/('1D'!$I$5*MAX(F20, 0.1)^2), 1/3)))-IFERROR(L20, 0))>'1D'!$D$19, MAX('1D'!$D$16, IF((MAX('1D'!$D$16, POWER((ABS(K20)^2)/('1D'!$I$5*MAX(F20, 0.1)^2), 1/3)))>IFERROR(L20, 0), MIN((MAX('1D'!$D$16, POWER((ABS(K20)^2)/('1D'!$I$5*MAX(F20, 0.1)^2), 1/3))), IFERROR(L20, 0)+(MIN(ABS(IFERROR(U20, 0))*'1D'!$D$18, ABS((MAX('1D'!$D$16, POWER((ABS(K20)^2)/('1D'!$I$5*MAX(F20, 0.1)^2), 1/3)))-IFERROR(L20, 0))))), MAX((MAX('1D'!$D$16, POWER((ABS(K20)^2)/('1D'!$I$5*MAX(F20, 0.1)^2), 1/3))), IFERROR(L20, 0)-(MIN(ABS(IFERROR(U20, 0))*'1D'!$D$18, ABS((MAX('1D'!$D$16, POWER((ABS(K20)^2)/('1D'!$I$5*MAX(F20, 0.1)^2), 1/3)))-IFERROR(L20, 0))))))), MAX('1D'!$D$16, POWER((ABS(K20)^2)/('1D'!$I$5*MAX(F20, 0.1)^2), 1/3))), MAX('1D'!$D$16, IFERROR(L20, 0))))))) -> 1.5635753 | M20: =((F20)+(G20)*(L20))*(L20) -> 10.038154 | N20: =(((F20)+(G20)*(L20))*(L20))/MAX((F20)+2*(L20)*SQRT(1+(G20)^2), 0.000001) -> 1.0514293 | O20: =ABS(K20)/MAX(((F20)+(G20)*(L20))*(L20), 0.000001) -> 5.0806156 | P20: =E20+L20 -> 635.86358 | Q20: =P20+((ABS(K20)/MAX(((F20)+(G20)*(L20))*(L20), 0.000001))^2)/(2*'1D'!$I$5) -> 637.17921 | R20: =((ABS(K20)*'1D'!$D$6)/(MAX(((F20)+(G20)*(L20))*(L20), 0.000001)*MAX(((((F20)+(G20)*(L20))*(L20))/MAX((F20)+2*(L20)*SQRT(1+(G20)^2), 0.000001))^(2/3), 0.000001)))^2 -> 0.0054321919 | S20: =ABS(ABS(K20)/MAX(((F20)+(G20)*(L20))*(L20), 0.000001))/SQRT('1D'!$I$5*MAX((((F20)+(G20)*(L20))*(L20))/MAX((F20)+2*(G20)*(L20), 0.000001), 0.000001)) -> 1.2972462 | T20: =((F20)*(L20)^2)/2+(G20)*(L20)^3/3+(ABS(K20)^2)/('1D'!$I$5*MAX(((F20)+(G20)*(L20))*(L20), 0.000001)) -> 34.260691 | U20: =IF($A$2=0, 0, IFERROR(Q19-(((R19+R20)/2)*J20)-(IF(O19>O20, '1D'!$D$8*((O19^2-O20^2)/(2*'1D'!$I$5)), '1D'!$D$9*((O20^2-O19^2)/(2*'1D'!$I$5)))+('1D'!$D$10*(ABS(I20)/90)*(MAX(O19^2, O20^2)/(2*'1D'!$I$5))))-Q20, 0)) -> 0 | V20: =IF($A$2=0, 1, IF(IFERROR(V19, 0)=0, 0, IFERROR(IF(ROUND(S20, 3)=1, 1, IF(AND(ABS(U20)<'1D'!$D$19, S20>1), 1, 0)), 0))) -> 1 | W20: =IF($A$2=0, MAX(MAX('1D'!$D$16, MAX('1D'!$D$16, POWER((ABS(K20)^2)/('1D'!$I$5*MAX(F20, 0.1)^2), 1/3))), IFERROR(W21, MAX(MAX('1D'!$D$16, MAX('1D'!$D$16, POWER((ABS(K20)^2)/('1D'!$I$5*MAX(F20, 0.1)^2), 1/3))), ($L$2)-E21))), IF(IFERROR(AG21, 0)=0, MAX(MAX('1D'!$D$16, MAX('1D'!$D$16, POWER((ABS(K20)^2)/('1D'!$I$5*MAX(F20, 0.1)^2), 1/3))), IFERROR(W21, MAX(MAX('1D'!$D$16, MAX('1D'!$D$16, POWER((ABS(K20)^2)/('1D'!$I$5*MAX(F20, 0.1)^2), 1/3))), ($L$2)-E21))), IF(IFERROR(W20, 0)=0, MAX(MAX('1D'!$D$16, MAX('1D'!$D$16, POWER((ABS(K20)^2)/('1D'!$I$5*MAX(F20, 0.1)^2), 1/3))), IFERROR(W21, MAX(MAX('1D'!$D$16, MAX('1D'!$D$16, POWER((ABS(K20)^2)/('1D'!$I$5*MAX(F20, 0.1)^2), 1/3))), ($L$2)-E21))), IF(OR(IFERROR(AD20, 0)>=1, IFERROR(AD21, 0)>=1), MAX('1D'!$D$16, MAX('1D'!$D$16, POWER((ABS(K20)^2)/('1D'!$I$5*MAX(F20, 0.1)^2), 1/3))), IF(ABS(IFERROR(AF20, 0))<'1D'!$D$19, MAX(MAX('1D'!$D$16, MAX('1D'!$D$16, POWER((ABS(K20)^2)/('1D'!$I$5*MAX(F20, 0.1)^2), 1/3))), IFERROR(W20, 0)), MAX(MAX('1D'!$D$16, MAX('1D'!$D$16, POWER((ABS(K20)^2)/('1D'!$I$5*MAX(F20, 0.1)^2), 1/3))), (IFERROR(W20, 0))+((IFERROR(AF20, 0))*'1D'!$D$18))))))) -> 2.6850377 | X20: =((F20)+(G20)*(W20))*(W20) -> 17.237942 | Y20: =(((F20)+(G20)*(W20))*(W20))/MAX((F20)+2*(W20)*SQRT(1+(G20)^2), 0.000001) -> 1.4620722 | Z20: =ABS(K20)/MAX(((F20)+(G20)*(W20))*(W20), 0.000001) -> 2.9585898 | AA20: =E20+W20 -> 636.98504 | AB20: =AA20+((ABS(K20)/MAX(((F20)+(G20)*(W20))*(W20), 0.000001))^2)/(2*'1D'!$I$5) -> 637.43118 | AC20: =((ABS(K20)*'1D'!$D$6)/(MAX(((F20)+(G20)*(W20))*(W20), 0.000001)*MAX(((((F20)+(G20)*(W20))*(W20))/MAX((F20)+2*(W20)*SQRT(1+(G20)^2), 0.000001))^(2/3), 0.000001)))^2 -> 0.0011868439 | AD20: =ABS(ABS(K20)/MAX(((F20)+(G20)*(W20))*(W20), 0.000001))/SQRT('1D'!$I$5*MAX((((F20)+(G20)*(W20))*(W20))/MAX((F20)+2*(G20)*(W20), 0.000001), 0.000001)) -> 0.57646781 | AE20: =((F20)*(W20)^2)/2+(G20)*(W20)^3/3+(ABS(K20)^2)/('1D'!$I$5*MAX(((F20)+(G20)*(W20))*(W20), 0.000001)) -> 38.52331 | AF20: =IF($A$2=0, 0, IFERROR(AB21+(((AC20+AC21)/2)*J21)+(IF(Z20>Z21, '1D'!$D$8*((Z20^2-Z21^2)/(2*'1D'!$I$5)), '1D'!$D$9*((Z21^2-Z20^2)/(2*'1D'!$I$5)))+('1D'!$D$10*(ABS(I21)/90)*(MAX(Z20^2, Z21^2)/(2*'1D'!$I$5))))-AB20, 0)) -> -0.00093888835 | AG20: =IF($A$2=0, 1, IF(IFERROR(AG21, 0)=0, 0, IFERROR(IF(OR(ROUND(AD20, 3)>=1, AND(ABS(AF20)<'1D'!$D$19, AD20<1)), 1, 0), 0))) -> 1 | AH20: =IFERROR(IF('1D'!V31="Supercritical", MAX('1D'!$D$16, IFERROR(L20, MAX('1D'!$D$16, POWER((ABS(K20)^2)/('1D'!$I$5*MAX(F20, 0.1)^2), 1/3)))), IF('1D'!V31="Subcritical", MAX('1D'!$D$16, IFERROR(W20, MAX('1D'!$D$16, POWER((ABS(K20)^2)/('1D'!$I$5*MAX(F20, 0.1)^2), 1/3)))), IF(IFERROR(T20, -1E+99)>=IFERROR(AE20, -1E+99), MAX('1D'!$D$16, IFERROR(L20, MAX('1D'!$D$16, POWER((ABS(K20)^2)/('1D'!$I$5*MAX(F20, 0.1)^2), 1/3)))), MAX('1D'!$D$16, IFERROR(W20, MAX('1D'!$D$16, POWER((ABS(K20)^2)/('1D'!$I$5*MAX(F20, 0.1)^2), 1/3))))))), MAX('1D'!$D$16, POWER((ABS(K20)^2)/('1D'!$I$5*MAX(F20, 0.1)^2), 1/3))) -> 2.6850377 | AI20: =E20+AH20 -> 636.98504 | AJ20: =AI20+((ABS(K20)/MAX(((F20)+(G20)*(AH20))*(AH20), 0.000001))^2)/(2*'1D'!$I$5) -> 637.43118 | AM20: 0 | AN20: 0 | AO20: =AM20+AN20 -> 0 | AP20: =AP19+AO20 -> 0 | AQ20: =ABS(ABS(K20)/MAX(((F20)+(G20)*(AH20))*(AH20), 0.000001))/SQRT('1D'!$I$5*MAX((((F20)+(G20)*(AH20))*(AH20))/MAX((F20)+2*(G20)*(AH20), 0.000001), 0.000001)) -> 0.57646781 | AR20: =IF(AQ20<1, "Subcritical", "Supercritical") -> Subcritical | AS20: =((ABS(K20)*'1D'!$D$6)/(MAX(((F20)+(G20)*(AH20))*(AH20), 0.000001)*MAX(((((F20)+(G20)*(AH20))*(AH20))/MAX((F20)+2*(AH20)*SQRT(1+(G20)^2), 0.000001))^(2/3), 0.000001)))^2 -> 0.0011868439
A21: 12 | B21: 10.742 | C21: 616556.01 | D21: 3097760.4 | E21: 634.298 | F21: 6.558 | G21: 0 | H21: Junction | I21: 0 | J21: =B21-B20 -> 0.742 | K21: =MAX(0, K20-AO20) -> 51 | L21: =IF($A$2=0, IFERROR(L20, MAX('1D'!$D$16, POWER((ABS(K21)^2)/('1D'!$I$5*MAX(F21, 0.1)^2), 1/3))), IF(IFERROR(V20, 0)=0, IFERROR(L20, MAX('1D'!$D$16, POWER((ABS(K21)^2)/('1D'!$I$5*MAX(F21, 0.1)^2), 1/3))), IF(OR(IFERROR(L21, 0)=0, IFERROR(S20, 0)<1, IFERROR(S21, 0)<1), MAX('1D'!$D$16, POWER((ABS(K21)^2)/('1D'!$I$5*MAX(F21, 0.1)^2), 1/3)), IF(IFERROR(U21, 0)>0, MAX('1D'!$D$16, IFERROR(L21, 0)+((IFERROR(U21, 0))*'1D'!$D$18*IF((IFERROR(S21, 0))<1, 1, -1))), IF(IFERROR(U21, 0)<0, IF(ABS((MAX('1D'!$D$16, POWER((ABS(K21)^2)/('1D'!$I$5*MAX(F21, 0.1)^2), 1/3)))-IFERROR(L21, 0))>'1D'!$D$19, MAX('1D'!$D$16, IF((MAX('1D'!$D$16, POWER((ABS(K21)^2)/('1D'!$I$5*MAX(F21, 0.1)^2), 1/3)))>IFERROR(L21, 0), MIN((MAX('1D'!$D$16, POWER((ABS(K21)^2)/('1D'!$I$5*MAX(F21, 0.1)^2), 1/3))), IFERROR(L21, 0)+(MIN(ABS(IFERROR(U21, 0))*'1D'!$D$18, ABS((MAX('1D'!$D$16, POWER((ABS(K21)^2)/('1D'!$I$5*MAX(F21, 0.1)^2), 1/3)))-IFERROR(L21, 0))))), MAX((MAX('1D'!$D$16, POWER((ABS(K21)^2)/('1D'!$I$5*MAX(F21, 0.1)^2), 1/3))), IFERROR(L21, 0)-(MIN(ABS(IFERROR(U21, 0))*'1D'!$D$18, ABS((MAX('1D'!$D$16, POWER((ABS(K21)^2)/('1D'!$I$5*MAX(F21, 0.1)^2), 1/3)))-IFERROR(L21, 0))))))), MAX('1D'!$D$16, POWER((ABS(K21)^2)/('1D'!$I$5*MAX(F21, 0.1)^2), 1/3))), MAX('1D'!$D$16, IFERROR(L21, 0))))))) -> 1.4984172 | M21: =((F21)+(G21)*(L21))*(L21) -> 9.8266202 | N21: =(((F21)+(G21)*(L21))*(L21))/MAX((F21)+2*(L21)*SQRT(1+(G21)^2), 0.000001) -> 1.0284448 | O21: =ABS(K21)/MAX(((F21)+(G21)*(L21))*(L21), 0.000001) -> 5.1899838 | P21: =E21+L21 -> 635.79642 | Q21: =P21+((ABS(K21)/MAX(((F21)+(G21)*(L21))*(L21), 0.000001))^2)/(2*'1D'!$I$5) -> 637.1693 | R21: =((ABS(K21)*'1D'!$D$6)/(MAX(((F21)+(G21)*(L21))*(L21), 0.000001)*MAX(((((F21)+(G21)*(L21))*(L21))/MAX((F21)+2*(L21)*SQRT(1+(G21)^2), 0.000001))^(2/3), 0.000001)))^2 -> 0.0058381223 | S21: =ABS(ABS(K21)/MAX(((F21)+(G21)*(L21))*(L21), 0.000001))/SQRT('1D'!$I$5*MAX((((F21)+(G21)*(L21))*(L21))/MAX((F21)+2*(G21)*(L21), 0.000001), 0.000001)) -> 1.3536772 | T21: =((F21)*(L21)^2)/2+(G21)*(L21)^3/3+(ABS(K21)^2)/('1D'!$I$5*MAX(((F21)+(G21)*(L21))*(L21), 0.000001)) -> 34.343756 | U21: =IF($A$2=0, 0, IFERROR(Q20-(((R20+R21)/2)*J21)-(IF(O20>O21, '1D'!$D$8*((O20^2-O21^2)/(2*'1D'!$I$5)), '1D'!$D$9*((O21^2-O20^2)/(2*'1D'!$I$5)))+('1D'!$D$10*(ABS(I21)/90)*(MAX(O20^2, O21^2)/(2*'1D'!$I$5))))-Q21, 0)) -> 0 | V21: =IF($A$2=0, 1, IF(IFERROR(V20, 0)=0, 0, IFERROR(IF(ROUND(S21, 3)=1, 1, IF(AND(ABS(U21)<'1D'!$D$19, S21>1), 1, 0)), 0))) -> 1 | W21: =MAX(MAX('1D'!$D$16, MAX('1D'!$D$16, POWER((ABS(K21)^2)/('1D'!$I$5*MAX(F21, 0.1)^2), 1/3))), ($L$2)-E21) -> 2.702 | X21: =((F21)+(G21)*(W21))*(W21) -> 17.719716 | Y21: =(((F21)+(G21)*(W21))*(W21))/MAX((F21)+2*(W21)*SQRT(1+(G21)^2), 0.000001) -> 1.4813339 | Z21: =ABS(K21)/MAX(((F21)+(G21)*(W21))*(W21), 0.000001) -> 2.87815 | AA21: =E21+W21 -> 637 | AB21: =AA21+((ABS(K21)/MAX(((F21)+(G21)*(W21))*(W21), 0.000001))^2)/(2*'1D'!$I$5) -> 637.42221 | AC21: =((ABS(K21)*'1D'!$D$6)/(MAX(((F21)+(G21)*(W21))*(W21), 0.000001)*MAX(((((F21)+(G21)*(W21))*(W21))/MAX((F21)+2*(W21)*SQRT(1+(G21)^2), 0.000001))^(2/3), 0.000001)))^2 -> 0.0011037535 | AD21: =ABS(ABS(K21)/MAX(((F21)+(G21)*(W21))*(W21), 0.000001))/SQRT('1D'!$I$5*MAX((((F21)+(G21)*(W21))*(W21))/MAX((F21)+2*(G21)*(W21), 0.000001), 0.000001)) -> 0.55903145 | AE21: =((F21)*(W21)^2)/2+(G21)*(W21)^3/3+(ABS(K21)^2)/('1D'!$I$5*MAX(((F21)+(G21)*(W21))*(W21), 0.000001)) -> 38.902195 | AF21: 0 | AG21: 1 | AH21: =IFERROR(IF('1D'!V31="Supercritical", MAX('1D'!$D$16, IFERROR(L21, MAX('1D'!$D$16, POWER((ABS(K21)^2)/('1D'!$I$5*MAX(F21, 0.1)^2), 1/3)))), IF('1D'!V31="Subcritical", MAX('1D'!$D$16, IFERROR(W21, MAX('1D'!$D$16, POWER((ABS(K21)^2)/('1D'!$I$5*MAX(F21, 0.1)^2), 1/3)))), IF(IFERROR(T21, -1E+99)>=IFERROR(AE21, -1E+99), MAX('1D'!$D$16, IFERROR(L21, MAX('1D'!$D$16, POWER((ABS(K21)^2)/('1D'!$I$5*MAX(F21, 0.1)^2), 1/3)))), MAX('1D'!$D$16, IFERROR(W21, MAX('1D'!$D$16, POWER((ABS(K21)^2)/('1D'!$I$5*MAX(F21, 0.1)^2), 1/3))))))), MAX('1D'!$D$16, POWER((ABS(K21)^2)/('1D'!$I$5*MAX(F21, 0.1)^2), 1/3))) -> 2.702 | AI21: =E21+AH21 -> 637 | AJ21: =AI21+((ABS(K21)/MAX(((F21)+(G21)*(AH21))*(AH21), 0.000001))^2)/(2*'1D'!$I$5) -> 637.42221 | AM21: 0 | AN21: 0 | AO21: =AM21+AN21 -> 0 | AP21: =AP20+AO21 -> 0 | AQ21: =ABS(ABS(K21)/MAX(((F21)+(G21)*(AH21))*(AH21), 0.000001))/SQRT('1D'!$I$5*MAX((((F21)+(G21)*(AH21))*(AH21))/MAX((F21)+2*(G21)*(AH21), 0.000001), 0.000001)) -> 0.55903145 | AR21: =IF(AQ21<1, "Subcritical", "Supercritical") -> Subcritical | AS21: =((ABS(K21)*'1D'!$D$6)/(MAX(((F21)+(G21)*(AH21))*(AH21), 0.000001)*MAX(((((F21)+(G21)*(AH21))*(AH21))/MAX((F21)+2*(AH21)*SQRT(1+(G21)^2), 0.000001))^(2/3), 0.000001)))^2 -> 0.0011037535

Sheet waterway
A1: Reset | B1: Channel | C1: Type | D1: Length | E1: US Condition | F1: US Discharge | G1: US Boundary Condition | H1: Value | I1: DS Condition | J1: DS Discharge | K1: DS Boundary Condition | L1: Value
A2: 1 | B2: ='1D'!A32 -> waterway | C2: =H10 -> Junction | D2: ='1D'!E32 -> 1385.515 | E2: =IF(OR('1D'!B32="Inlet",'1D'!B32="Outlet"),'1D'!B32,"Junction") -> Junction | F2: ='1D'!N32 -> 50.95 | G2: Junction | H2: ='1D'!$I$13 -> 637 | I2: =IF(OR('1D'!C32="Inlet",'1D'!C32="Outlet"),'1D'!C32,"Junction") -> Junction | J2: ='1D'!P32 -> 50.95 | K2: Junction | L2: ='1D'!$I$14 -> 644.50593
A4: Water Surface Elevation (WSE) | B4: Initial | C4: Forward Pass | D4: Backward Pass | E4: Final
A5: Upstream | B5: =$H$2 -> 637 | C5: =P10 -> 637 | D5: =AA10 -> 636.13042 | E5: =AI10 -> 637
A6: Downstream | B6: =$L$2 -> 644.50593 | C6: =P1396 -> 633.91804 | D6: =AA1396 -> 644.50593 | E6: =AI1396 -> 644.50593
A8: SN | B8: Dist | C8: Easting | D8: Northing | E8: Bed Z | F8: Width | G8: Side z | H8: Type | I8: Def Ang | J8: dx | K8: Q_used | L8: y_super | M8: A_super | N8: R_super | O8: v_super | P8: WS_super | Q8: EG_super | R8: Sf_super | S8: Fr_super | T8: M_super | U8: Err_super | V8: Done_super | W8: y_sub | X8: A_sub | Y8: R_sub | Z8: v_sub | AA8: WS_sub | AB8: EG_sub | AC8: Sf_sub | AD8: Fr_sub | AE8: M_sub | AF8: Err_sub | AG8: Done_sub | AH8: y_final | AI8: WS_final | AJ8: EG_final | AK8: Crest_L | AL8: Crest_R | AM8: Spill_L | AN8: Spill_R | AO8: Spill_Q | AP8: Cum_spill | AQ8: Fr_final | AR8: Regime | AS8: Sf_final
A9: - | B9: m | C9: m | D9: m | E9: m | F9: m | G9: - | H9: - | I9: deg | J9: m | K9: m3/s | L9: m | M9: m2 | N9: m | O9: m/s | P9: m | Q9: m | R9: - | S9: - | T9: m3 | U9: m | V9: - | W9: m | X9: m2 | Y9: m | Z9: m/s | AA9: m | AB9: m | AC9: - | AD9: - | AE9: m3 | AF9: m | AG9: - | AH9: m | AI9: m | AJ9: m | AK9: m | AL9: m | AM9: m3/s | AN9: m3/s | AO9: m3/s | AP9: m3/s | AQ9: - | AR9: - | AS9: -
A10: 1 | B10: 0 | C10: 616556.01 | D10: 3097760.4 | E10: 634.298 | F10: 6.558 | G10: 0 | H10: Junction | I10: 0 | J10: 0 | K10: =$F$2 -> 50.95 | L10: =MAX('1D'!$D$16, ($H$2)-E10) -> 2.702 | M10: =((F10)+(G10)*(L10))*(L10) -> 17.719716 | N10: =(((F10)+(G10)*(L10))*(L10))/MAX((F10)+2*(L10)*SQRT(1+(G10)^2), 0.000001) -> 1.4813339 | O10: =ABS(K10)/MAX(((F10)+(G10)*(L10))*(L10), 0.000001) -> 2.8753283 | P10: =E10+L10 -> 637 | Q10: =P10+((ABS(K10)/MAX(((F10)+(G10)*(L10))*(L10), 0.000001))^2)/(2*'1D'!$I$5) -> 637.42138 | R10: =((ABS(K10)*'1D'!$D$6)/(MAX(((F10)+(G10)*(L10))*(L10), 0.000001)*MAX(((((F10)+(G10)*(L10))*(L10))/MAX((F10)+2*(L10)*SQRT(1+(G10)^2), 0.000001))^(2/3), 0.000001)))^2 -> 0.0011015903 | S10: =ABS(ABS(K10)/MAX(((F10)+(G10)*(L10))*(L10), 0.000001))/SQRT('1D'!$I$5*MAX((((F10)+(G10)*(L10))*(L10))/MAX((F10)+2*(G10)*(L10), 0.000001), 0.000001)) -> 0.55848338 | T10: =((F10)*(L10)^2)/2+(G10)*(L10)^3/3+(ABS(K10)^2)/('1D'!$I$5*MAX(((F10)+(G10)*(L10))*(L10), 0.000001)) -> 38.872871 | U10: 0 | V10: 1 | W10: =IF($A$2=0, MAX(MAX('1D'!$D$16, MAX('1D'!$D$16, POWER((ABS(K10)^2)/('1D'!$I$5*MAX(F10, 0.1)^2), 1/3))), IFERROR(W1396, MAX(MAX('1D'!$D$16, MAX('1D'!$D$16, POWER((ABS(K10)^2)/('1D'!$I$5*MAX(F10, 0.1)^2), 1/3))), ($L$2)-E1396))), IF(IFERROR(AG11, 0)=0, MAX(MAX('1D'!$D$16, MAX('1D'!$D$16, POWER((ABS(K10)^2)/('1D'!$I$5*MAX(F10, 0.1)^2), 1/3))), IFERROR(W1396, MAX(MAX('1D'!$D$16, MAX('1D'!$D$16, POWER((ABS(K10)^2)/('1D'!$I$5*MAX(F10, 0.1)^2), 1/3))), ($L$2)-E1396))), IF(IFERROR(W10, 0)=0, MAX(MAX('1D'!$D$16, MAX('1D'!$D$16, POWER((ABS(K10)^2)/('1D'!$I$5*MAX(F10, 0.1)^2), 1/3))), IFERROR(W1396, MAX(MAX('1D'!$D$16, MAX('1D'!$D$16, POWER((ABS(K10)^2)/('1D'!$I$5*MAX(F10, 0.1)^2), 1/3))), ($L$2)-E1396))), IF(OR(IFERROR(AD10, 0)>=1, IFERROR(AD11, 0)>=1), MAX('1D'!$D$16, MAX('1D'!$D$16, POWER((ABS(K10)^2)/('1D'!$I$5*MAX(F10, 0.1)^2), 1/3))), IF(ABS(IFERROR(AF10, 0))<'1D'!$D$19, MAX(MAX('1D'!$D$16, MAX('1D'!$D$16, POWER((ABS(K10)^2)/('1D'!$I$5*MAX(F10, 0.1)^2), 1/3))), IFERROR(W10, 0)), MAX(MAX('1D'!$D$16, MAX('1D'!$D$16, POWER((ABS(K10)^2)/('1D'!$I$5*MAX(F10, 0.1)^2), 1/3))), (IFERROR(W10, 0))+((IFERROR(AF10, 0))*'1D'!$D$18))))))) -> 1.8324221 | X10: =((F10)+(G10)*(W10))*(W10) -> 12.017024 | Y10: =(((F10)+(G10)*(W10))*(W10))/MAX((F10)+2*(W10)*SQRT(1+(G10)^2), 0.000001) -> 1.1755069 | Z10: =ABS(K10)/MAX(((F10)+(G10)*(W10))*(W10), 0.000001) -> 4.2398185 | AA10: =E10+W10 -> 636.13042 | AB10: =AA10+((ABS(K10)/MAX(((F10)+(G10)*(W10))*(W10), 0.000001))^2)/(2*'1D'!$I$5) -> 637.04663 | AC10: =((ABS(K10)*'1D'!$D$6)/(MAX(((F10)+(G10)*(W10))*(W10), 0.000001)*MAX(((((F10)+(G10)*(W10))*(W10))/MAX((F10)+2*(W10)*SQRT(1+(G10)^2), 0.000001))^(2/3), 0.000001)))^2 -> 0.0032601941 | AD10: =ABS(ABS(K10)/MAX(((F10)+(G10)*(W10))*(W10), 0.000001))/SQRT('1D'!$I$5*MAX((((F10)+(G10)*(W10))*(W10))/MAX((F10)+2*(G10)*(W10), 0.000001), 0.000001)) -> 1 | AE10: =((F10)*(W10)^2)/2+(G10)*(W10)^3/3+(ABS(K10)^2)/('1D'!$I$5*MAX(((F10)+(G10)*(W10))*(W10), 0.000001)) -> 33.03039 | AF10: =IF($A$2=0, 0, IFERROR(AB11+(((AC10+AC11)/2)*J11)+(IF(Z10>Z11, '1D'!$D$8*((Z10^2-Z11^2)/(2*'1D'!$I$5)), '1D'!$D$9*((Z11^2-Z10^2)/(2*'1D'!$I$5)))+('1D'!$D$10*(ABS(I11)/90)*(MAX(Z10^2, Z11^2)/(2*'1D'!$I$5))))-AB10, 0)) -> -0.14612544 | AG10: =IF($A$2=0, 1, IF(IFERROR(AG11, 0)=0, 0, IFERROR(IF(OR(ROUND(AD10, 3)>=1, AND(ABS(AF10)<'1D'!$D$19, AD10<1)), 1, 0), 0))) -> 1 | AH10: =IFERROR(IF('1D'!V32="Supercritical", MAX('1D'!$D$16, IFERROR(L10, MAX('1D'!$D$16, POWER((ABS(K10)^2)/('1D'!$I$5*MAX(F10, 0.1)^2), 1/3)))), IF('1D'!V32="Subcritical", MAX('1D'!$D$16, IFERROR(W10, MAX('1D'!$D$16, POWER((ABS(K10)^2)/('1D'!$I$5*MAX(F10, 0.1)^2), 1/3)))), IF(IFERROR(T10, -1E+99)>=IFERROR(AE10, -1E+99), MAX('1D'!$D$16, IFERROR(L10, MAX('1D'!$D$16, POWER((ABS(K10)^2)/('1D'!$I$5*MAX(F10, 0.1)^2), 1/3)))), MAX('1D'!$D$16, IFERROR(W10, MAX('1D'!$D$16, POWER((ABS(K10)^2)/('1D'!$I$5*MAX(F10, 0.1)^2), 1/3))))))), MAX('1D'!$D$16, POWER((ABS(K10)^2)/('1D'!$I$5*MAX(F10, 0.1)^2), 1/3))) -> 2.702 | AI10: =E10+AH10 -> 637 | AJ10: =AI10+((ABS(K10)/MAX(((F10)+(G10)*(AH10))*(AH10), 0.000001))^2)/(2*'1D'!$I$5) -> 637.42138 | AM10: 0 | AN10: 0 | AO10: =AM10+AN10 -> 0 | AP10: =AO10 -> 0 | AQ10: =ABS(ABS(K10)/MAX(((F10)+(G10)*(AH10))*(AH10), 0.000001))/SQRT('1D'!$I$5*MAX((((F10)+(G10)*(AH10))*(AH10))/MAX((F10)+2*(G10)*(AH10), 0.000001), 0.000001)) -> 0.55848338 | AR10: =IF(AQ10<1, "Subcritical", "Supercritical") -> Subcritical | AS10: =((ABS(K10)*'1D'!$D$6)/(MAX(((F10)+(G10)*(AH10))*(AH10), 0.000001)*MAX(((((F10)+(G10)*(AH10))*(AH10))/MAX((F10)+2*(AH10)*SQRT(1+(G10)^2), 0.000001))^(2/3), 0.000001)))^2 -> 0.0011015903
A11: 2 | B11: 1 | C11: 616555.07 | D11: 3097760.1 | E11: 634.296 | F11: 7.191 | G11: 0 | H11: Junction | I11: 0.054 | J11: =B11-B10 -> 1 | K11: =MAX(0, K10-AO10) -> 50.95 | L11: =IF($A$2=0, IFERROR(L10, MAX('1D'!$D$16, POWER((ABS(K11)^2)/('1D'!$I$5*MAX(F11, 0.1)^2), 1/3))), IF(IFERROR(V10, 0)=0, IFERROR(L10, MAX('1D'!$D$16, POWER((ABS(K11)^2)/('1D'!$I$5*MAX(F11, 0.1)^2), 1/3))), IF(OR(IFERROR(L11, 0)=0, IFERROR(S10, 0)<1, IFERROR(S11, 0)<1), MAX('1D'!$D$16, POWER((ABS(K11)^2)/('1D'!$I$5*MAX(F11, 0.1)^2), 1/3)), IF(IFERROR(U11, 0)>0, MAX('1D'!$D$16, IFERROR(L11, 0)+((IFERROR(U11, 0))*'1D'!$D$18*IF((IFERROR(S11, 0))<1, 1, -1))), IF(IFERROR(U11, 0)<0, IF(ABS((MAX('1D'!$D$16, POWER((ABS(K11)^2)/('1D'!$I$5*MAX(F11, 0.1)^2), 1/3)))-IFERROR(L11, 0))>'1D'!$D$19, MAX('1D'!$D$16, IF((MAX('1D'!$D$16, POWER((ABS(K11)^2)/('1D'!$I$5*MAX(F11, 0.1)^2), 1/3)))>IFERROR(L11, 0), MIN((MAX('1D'!$D$16, POWER((ABS(K11)^2)/('1D'!$I$5*MAX(F11, 0.1)^2), 1/3))), IFERROR(L11, 0)+(MIN(ABS(IFERROR(U11, 0))*'1D'!$D$18, ABS((MAX('1D'!$D$16, POWER((ABS(K11)^2)/('1D'!$I$5*MAX(F11, 0.1)^2), 1/3)))-IFERROR(L11, 0))))), MAX((MAX('1D'!$D$16, POWER((ABS(K11)^2)/('1D'!$I$5*MAX(F11, 0.1)^2), 1/3))), IFERROR(L11, 0)-(MIN(ABS(IFERROR(U11, 0))*'1D'!$D$18, ABS((MAX('1D'!$D$16, POWER((ABS(K11)^2)/('1D'!$I$5*MAX(F11, 0.1)^2), 1/3)))-IFERROR(L11, 0))))))), MAX('1D'!$D$16, POWER((ABS(K11)^2)/('1D'!$I$5*MAX(F11, 0.1)^2), 1/3))), MAX('1D'!$D$16, IFERROR(L11, 0))))))) -> 1.7232446 | M11: =((F11)+(G11)*(L11))*(L11) -> 12.391852 | N11: =(((F11)+(G11)*(L11))*(L11))/MAX((F11)+2*(L11)*SQRT(1+(G11)^2), 0.000001) -> 1.1649226 | O11: =ABS(K11)/MAX(((F11)+(G11)*(L11))*(L11), 0.000001) -> 4.1115727 | P11: =E11+L11 -> 636.01924 | Q11: =P11+((ABS(K11)/MAX(((F11)+(G11)*(L11))*(L11), 0.000001))^2)/(2*'1D'!$I$5) -> 636.88087 | R11: =((ABS(K11)*'1D'!$D$6)/(MAX(((F11)+(G11)*(L11))*(L11), 0.000001)*MAX(((((F11)+(G11)*(L11))*(L11))/MAX((F11)+2*(L11)*SQRT(1+(G11)^2), 0.000001))^(2/3), 0.000001)))^2 -> 0.0031031469 | S11: =ABS(ABS(K11)/MAX(((F11)+(G11)*(L11))*(L11), 0.000001))/SQRT('1D'!$I$5*MAX((((F11)+(G11)*(L11))*(L11))/MAX((F11)+2*(G11)*(L11), 0.000001), 0.000001)) -> 1 | T11: =((F11)*(L11)^2)/2+(G11)*(L11)^3/3+(ABS(K11)^2)/('1D'!$I$5*MAX(((F11)+(G11)*(L11))*(L11), 0.000001)) -> 32.031288 | U11: =IF($A$2=0, 0, IFERROR(Q10-(((R10+R11)/2)*J11)-(IF(O10>O11, '1D'!$D$8*((O10^2-O11^2)/(2*'1D'!$I$5)), '1D'!$D$9*((O11^2-O10^2)/(2*'1D'!$I$5)))+('1D'!$D$10*(ABS(I11)/90)*(MAX(O10^2, O11^2)/(2*'1D'!$I$5))))-Q11, 0)) -> 0.494311 | V11: =IF($A$2=0, 1, IF(IFERROR(V10, 0)=0, 0, IFERROR(IF(ROUND(S11, 3)=1, 1, IF(AND(ABS(U11)<'1D'!$D$19, S11>1), 1, 0)), 0))) -> 1 | W11: =IF($A$2=0, MAX(MAX('1D'!$D$16, MAX('1D'!$D$16, POWER((ABS(K11)^2)/('1D'!$I$5*MAX(F11, 0.1)^2), 1/3))), IFERROR(W1396, MAX(MAX('1D'!$D$16, MAX('1D'!$D$16, POWER((ABS(K11)^2)/('1D'!$I$5*MAX(F11, 0.1)^2), 1/3))), ($L$2)-E1396))), IF(IFERROR(AG12, 0)=0, MAX(MAX('1D'!$D$16, MAX('1D'!$D$16, POWER((ABS(K11)^2)/('1D'!$I$5*MAX(F11, 0.1)^2), 1/3))), IFERROR(W1396, MAX(MAX('1D'!$D$16, MAX('1D'!$D$16, POWER((ABS(K11)^2)/('1D'!$I$5*MAX(F11, 0.1)^2), 1/3))), ($L$2)-E1396))), IF(IFERROR(W11, 0)=0, MAX(MAX('1D'!$D$16, MAX('1D'!$D$16, POWER((ABS(K11)^2)/('1D'!$I$5*MAX(F11, 0.1)^2), 1/3))), IFERROR(W1396, MAX(MAX('1D'!$D$16, MAX('1D'!$D$16, POWER((ABS(K11)^2)/('1D'!$I$5*MAX(F11, 0.1)^2), 1/3))), ($L$2)-E1396))), IF(OR(IFERROR(AD11, 0)>=1, IFERROR(AD12, 0)>=1), MAX('1D'!$D$16, MAX('1D'!$D$16, POWER((ABS(K11)^2)/('1D'!$I$5*MAX(F11, 0.1)^2), 1/3))), IF(ABS(IFERROR(AF11, 0))<'1D'!$D$19, MAX(MAX('1D'!$D$16, MAX('1D'!$D$16, POWER((ABS(K11)^2)/('1D'!$I$5*MAX(F11, 0.1)^2), 1/3))), IFERROR(W11, 0)), MAX(MAX('1D'!$D$16, MAX('1D'!$D$16, POWER((ABS(K11)^2)/('1D'!$I$5*MAX(F11, 0.1)^2), 1/3))), (IFERROR(W11, 0))+((IFERROR(AF11, 0))*'1D'!$D$18))))))) -> 1.7232446 | X11: =((F11)+(G11)*(W11))*(W11) -> 12.391852 | Y11: =(((F11)+(G11)*(W11))*(W11))/MAX((F11)+2*(W11)*SQRT(1+(G11)^2), 0.000001) -> 1.1649226 | Z11: =ABS(K11)/MAX(((F11)+(G11)*(W11))*(W11), 0.000001) -> 4.1115727 | AA11: =E11+W11 -> 636.01924 | AB11: =AA11+((ABS(K11)/MAX(((F11)+(G11)*(W11))*(W11), 0.000001))^2)/(2*'1D'!$I$5) -> 636.88087 | AC11: =((ABS(K11)*'1D'!$D$6)/(MAX(((F11)+(G11)*(W11))*(W11), 0.000001)*MAX(((((F11)+(G11)*(W11))*(W11))/MAX((F11)+2*(W11)*SQRT(1+(G11)^2), 0.000001))^(2/3), 0.000001)))^2 -> 0.0031031469 | AD11: =ABS(ABS(K11)/MAX(((F11)+(G11)*(W11))*(W11), 0.000001))/SQRT('1D'!$I$5*MAX((((F11)+(G11)*(W11))*(W11))/MAX((F11)+2*(G11)*(W11), 0.000001), 0.000001)) -> 1 | AE11: =((F11)*(W11)^2)/2+(G11)*(W11)^3/3+(ABS(K11)^2)/('1D'!$I$5*MAX(((F11)+(G11)*(W11))*(W11), 0.000001)) -> 32.031288 | AF11: =IF($A$2=0, 0, IFERROR(AB12+(((AC11+AC12)/2)*J12)+(IF(Z11>Z12, '1D'!$D$8*((Z11^2-Z12^2)/(2*'1D'!$I$5)), '1D'!$D$9*((Z12^2-Z11^2)/(2*'1D'!$I$5)))+('1D'!$D$10*(ABS(I12)/90)*(MAX(Z11^2, Z12^2)/(2*'1D'!$I$5))))-AB11, 0)) -> -0.1452114 | AG11: =IF($A$2=0, 1, IF(IFERROR(AG12, 0)=0, 0, IFERROR(IF(OR(ROUND(AD11, 3)>=1, AND(ABS(AF11)<'1D'!$D$19, AD11<1)), 1, 0), 0))) -> 1 | AH11: =IFERROR(IF('1D'!V32="Supercritical", MAX('1D'!$D$16, IFERROR(L11, MAX('1D'!$D$16, POWER((ABS(K11)^2)/('1D'!$I$5*MAX(F11, 0.1)^2), 1/3)))), IF('1D'!V32="Subcritical", MAX('1D'!$D$16, IFERROR(W11, MAX('1D'!$D$16, POWER((ABS(K11)^2)/('1D'!$I$5*MAX(F11, 0.1)^2), 1/3)))), IF(IFERROR(T11, -1E+99)>=IFERROR(AE11, -1E+99), MAX('1D'!$D$16, IFERROR(L11, MAX('1D'!$D$16, POWER((ABS(K11)^2)/('1D'!$I$5*MAX(F11, 0.1)^2), 1/3)))), MAX('1D'!$D$16, IFERROR(W11, MAX('1D'!$D$16, POWER((ABS(K11)^2)/('1D'!$I$5*MAX(F11, 0.1)^2), 1/3))))))), MAX('1D'!$D$16, POWER((ABS(K11)^2)/('1D'!$I$5*MAX(F11, 0.1)^2), 1/3))) -> 1.7232446 | AI11: =E11+AH11 -> 636.01924 | AJ11: =AI11+((ABS(K11)/MAX(((F11)+(G11)*(AH11))*(AH11), 0.000001))^2)/(2*'1D'!$I$5) -> 636.88087 | AM11: 0 | AN11: 0 | AO11: =AM11+AN11 -> 0 | AP11: =AP10+AO11 -> 0 | AQ11: =ABS(ABS(K11)/MAX(((F11)+(G11)*(AH11))*(AH11), 0.000001))/SQRT('1D'!$I$5*MAX((((F11)+(G11)*(AH11))*(AH11))/MAX((F11)+2*(G11)*(AH11), 0.000001), 0.000001)) -> 1 | AR11: =IF(AQ11<1, "Subcritical", "Supercritical") -> Supercritical | AS11: =((ABS(K11)*'1D'!$D$6)/(MAX(((F11)+(G11)*(AH11))*(AH11), 0.000001)*MAX(((((F11)+(G11)*(AH11))*(AH11))/MAX((F11)+2*(AH11)*SQRT(1+(G11)^2), 0.000001))^(2/3), 0.000001)))^2 -> 0.0031031469
A12: 3 | B12: 2 | C12: 616554.12 | D12: 3097759.8 | E12: 634.294 | F12: 7.927 | G12: 0 | H12: Junction | I12: 0.054 | J12: =B12-B11 -> 1 | K12: =MAX(0, K11-AO11) -> 50.95 | L12: =IF($A$2=0, IFERROR(L11, MAX('1D'!$D$16, POWER((ABS(K12)^2)/('1D'!$I$5*MAX(F12, 0.1)^2), 1/3))), IF(IFERROR(V11, 0)=0, IFERROR(L11, MAX('1D'!$D$16, POWER((ABS(K12)^2)/('1D'!$I$5*MAX(F12, 0.1)^2), 1/3))), IF(OR(IFERROR(L12, 0)=0, IFERROR(S11, 0)<1, IFERROR(S12, 0)<1), MAX('1D'!$D$16, POWER((ABS(K12)^2)/('1D'!$I$5*MAX(F12, 0.1)^2), 1/3)), IF(IFERROR(U12, 0)>0, MAX('1D'!$D$16, IFERROR(L12, 0)+((IFERROR(U12, 0))*'1D'!$D$18*IF((IFERROR(S12, 0))<1, 1, -1))), IF(IFERROR(U12, 0)<0, IF(ABS((MAX('1D'!$D$16, POWER((ABS(K12)^2)/('1D'!$I$5*MAX(F12, 0.1)^2), 1/3)))-IFERROR(L12, 0))>'1D'!$D$19, MAX('1D'!$D$16, IF((MAX('1D'!$D$16, POWER((ABS(K12)^2)/('1D'!$I$5*MAX(F12, 0.1)^2), 1/3)))>IFERROR(L12, 0), MIN((MAX('1D'!$D$16, POWER((ABS(K12)^2)/('1D'!$I$5*MAX(F12, 0.1)^2), 1/3))), IFERROR(L12, 0)+(MIN(ABS(IFERROR(U12, 0))*'1D'!$D$18, ABS((MAX('1D'!$D$16, POWER((ABS(K12)^2)/('1D'!$I$5*MAX(F12, 0.1)^2), 1/3)))-IFERROR(L12, 0))))), MAX((MAX('1D'!$D$16, POWER((ABS(K12)^2)/('1D'!$I$5*MAX(F12, 0.1)^2), 1/3))), IFERROR(L12, 0)-(MIN(ABS(IFERROR(U12, 0))*'1D'!$D$18, ABS((MAX('1D'!$D$16, POWER((ABS(K12)^2)/('1D'!$I$5*MAX(F12, 0.1)^2), 1/3)))-IFERROR(L12, 0))))))), MAX('1D'!$D$16, POWER((ABS(K12)^2)/('1D'!$I$5*MAX(F12, 0.1)^2), 1/3))), MAX('1D'!$D$16, IFERROR(L12, 0))))))) -> 1.3017638 | M12: =((F12)+(G12)*(L12))*(L12) -> 10.319082 | N12: =(((F12)+(G12)*(L12))*(L12))/MAX((F12)+2*(L12)*SQRT(1+(G12)^2), 0.000001) -> 0.97992069 | O12: =ABS(K12)/MAX(((F12)+(G12)*(L12))*(L12), 0.000001) -> 4.9374547 | P12: =E12+L12 -> 635.59576 | Q12: =P12+((ABS(K12)/MAX(((F12)+(G12)*(L12))*(L12), 0.000001))^2)/(2*'1D'!$I$5) -> 636.83829 | R12: =((ABS(K12)*'1D'!$D$6)/(MAX(((F12)+(G12)*(L12))*(L12), 0.000001)*MAX(((((F12)+(G12)*(L12))*(L12))/MAX((F12)+2*(L12)*SQRT(1+(G12)^2), 0.000001))^(2/3), 0.000001)))^2 -> 0.0056355227 | S12: =ABS(ABS(K12)/MAX(((F12)+(G12)*(L12))*(L12), 0.000001))/SQRT('1D'!$I$5*MAX((((F12)+(G12)*(L12))*(L12))/MAX((F12)+2*(G12)*(L12), 0.000001), 0.000001)) -> 1.3816643 | T12: =((F12)*(L12)^2)/2+(G12)*(L12)^3/3+(ABS(K12)^2)/('1D'!$I$5*MAX(((F12)+(G12)*(L12))*(L12), 0.000001)) -> 32.360063 | U12: =IF($A$2=0, 0, IFERROR(Q11-(((R11+R12)/2)*J12)-(IF(O11>O12, '1D'!$D$8*((O11^2-O12^2)/(2*'1D'!$I$5)), '1D'!$D$9*((O12^2-O11^2)/(2*'1D'!$I$5)))+('1D'!$D$10*(ABS(I12)/90)*(MAX(O11^2, O12^2)/(2*'1D'!$I$5))))-Q12, 0)) -> 0 | V12: =IF($A$2=0, 1, IF(IFERROR(V11, 0)=0, 0, IFERROR(IF(ROUND(S12, 3)=1, 1, IF(AND(ABS(U12)<'1D'!$D$19, S12>1), 1, 0)), 0))) -> 1 | W12: =IF($A$2=0, MAX(MAX('1D'!$D$16, MAX('1D'!$D$16, POWER((ABS(K12)^2)/('1D'!$I$5*MAX(F12, 0.1)^2), 1/3))), IFERROR(W1396, MAX(MAX('1D'!$D$16, MAX('1D'!$D$16, POWER((ABS(K12)^2)/('1D'!$I$5*MAX(F12, 0.1)^2), 1/3))), ($L$2)-E1396))), IF(IFERROR(AG13, 0)=0, MAX(MAX('1D'!$D$16, MAX('1D'!$D$16, POWER((ABS(K12)^2)/('1D'!$I$5*MAX(F12, 0.1)^2), 1/3))), IFERROR(W1396, MAX(MAX('1D'!$D$16, MAX('1D'!$D$16, POWER((ABS(K12)^2)/('1D'!$I$5*MAX(F12, 0.1)^2), 1/3))), ($L$2)-E1396))), IF(IFERROR(W12, 0)=0, MAX(MAX('1D'!$D$16, MAX('1D'!$D$16, POWER((ABS(K12)^2)/('1D'!$I$5*MAX(F12, 0.1)^2), 1/3))), IFERROR(W1396, MAX(MAX('1D'!$D$16, MAX('1D'!$D$16, POWER((ABS(K12)^2)/('1D'!$I$5*MAX(F12, 0.1)^2), 1/3))), ($L$2)-E1396))), IF(OR(IFERROR(AD12, 0)>=1, IFERROR(AD13, 0)>=1), MAX('1D'!$D$16, MAX('1D'!$D$16, POWER((ABS(K12)^2)/('1D'!$I$5*MAX(F12, 0.1)^2), 1/3))), IF(ABS(IFERROR(AF12, 0))<'1D'!$D$19, MAX(MAX('1D'!$D$16, MAX('1D'!$D$16, POWER((ABS(K12)^2)/('1D'!$I$5*MAX(F12, 0.1)^2), 1/3))), IFERROR(W12, 0)), MAX(MAX('1D'!$D$16, MAX('1D'!$D$16, POWER((ABS(K12)^2)/('1D'!$I$5*MAX(F12, 0.1)^2), 1/3))), (IFERROR(W12, 0))+((IFERROR(AF12, 0))*'1D'!$D$18))))))) -> 1.6148563 | X12: =((F12)+(G12)*(W12))*(W12) -> 12.800966 | Y12: =(((F12)+(G12)*(W12))*(W12))/MAX((F12)+2*(W12)*SQRT(1+(G12)^2), 0.000001) -> 1.1473779 | Z12: =ABS(K12)/MAX(((F12)+(G12)*(W12))*(W12), 0.000001) -> 3.9801684 | AA12: =E12+W12 -> 635.90886 | AB12: =AA12+((ABS(K12)/MAX(((F12)+(G12)*(W12))*(W12), 0.000001))^2)/(2*'1D'!$I$5) -> 636.71628 | AC12: =((ABS(K12)*'1D'!$D$6)/(MAX(((F12)+(G12)*(W12))*(W12), 0.000001)*MAX(((((F12)+(G12)*(W12))*(W12))/MAX((F12)+2*(W12)*SQRT(1+(G12)^2), 0.000001))^(2/3), 0.000001)))^2 -> 0.0029674045 | AD12: =ABS(ABS(K12)/MAX(((F12)+(G12)*(W12))*(W12), 0.000001))/SQRT('1D'!$I$5*MAX((((F12)+(G12)*(W12))*(W12))/MAX((F12)+2*(G12)*(W12), 0.000001), 0.000001)) -> 1 | AE12: =((F12)*(W12)^2)/2+(G12)*(W12)^3/3+(ABS(K12)^2)/('1D'!$I$5*MAX(((F12)+(G12)*(W12))*(W12), 0.000001)) -> 31.007581 | AF12: =IF($A$2=0, 0, IFERROR(AB13+(((AC12+AC13)/2)*J13)+(IF(Z12>Z13, '1D'!$D$8*((Z12^2-Z13^2)/(2*'1D'!$I$5)), '1D'!$D$9*((Z13^2-Z12^2)/(2*'1D'!$I$5)))+('1D'!$D$10*(ABS(I13)/90)*(MAX(Z12^2, Z13^2)/(2*'1D'!$I$5))))-AB12, 0)) -> -0.12453586 | AG12: =IF($A$2=0, 1, IF(IFERROR(AG13, 0)=0, 0, IFERROR(IF(OR(ROUND(AD12, 3)>=1, AND(ABS(AF12)<'1D'!$D$19, AD12<1)), 1, 0), 0))) -> 1 | AH12: =IFERROR(IF('1D'!V32="Supercritical", MAX('1D'!$D$16, IFERROR(L12, MAX('1D'!$D$16, POWER((ABS(K12)^2)/('1D'!$I$5*MAX(F12, 0.1)^2), 1/3)))), IF('1D'!V32="Subcritical", MAX('1D'!$D$16, IFERROR(W12, MAX('1D'!$D$16, POWER((ABS(K12)^2)/('1D'!$I$5*MAX(F12, 0.1)^2), 1/3)))), IF(IFERROR(T12, -1E+99)>=IFERROR(AE12, -1E+99), MAX('1D'!$D$16, IFERROR(L12, MAX('1D'!$D$16, POWER((ABS(K12)^2)/('1D'!$I$5*MAX(F12, 0.1)^2), 1/3)))), MAX('1D'!$D$16, IFERROR(W12, MAX('1D'!$D$16, POWER((ABS(K12)^2)/('1D'!$I$5*MAX(F12, 0.1)^2), 1/3))))))), MAX('1D'!$D$16, POWER((ABS(K12)^2)/('1D'!$I$5*MAX(F12, 0.1)^2), 1/3))) -> 1.3017638 | AI12: =E12+AH12 -> 635.59576 | AJ12: =AI12+((ABS(K12)/MAX(((F12)+(G12)*(AH12))*(AH12), 0.000001))^2)/(2*'1D'!$I$5) -> 636.83829 | AM12: 0 | AN12: 0 | AO12: =AM12+AN12 -> 0 | AP12: =AP11+AO12 -> 0 | AQ12: =ABS(ABS(K12)/MAX(((F12)+(G12)*(AH12))*(AH12), 0.000001))/SQRT('1D'!$I$5*MAX((((F12)+(G12)*(AH12))*(AH12))/MAX((F12)+2*(G12)*(AH12), 0.000001), 0.000001)) -> 1.3816643 | AR12: =IF(AQ12<1, "Subcritical", "Supercritical") -> Supercritical | AS12: =((ABS(K12)*'1D'!$D$6)/(MAX(((F12)+(G12)*(AH12))*(AH12), 0.000001)*MAX(((((F12)+(G12)*(AH12))*(AH12))/MAX((F12)+2*(AH12)*SQRT(1+(G12)^2), 0.000001))^(2/3), 0.000001)))^2 -> 0.0056355227
A13: 4 | B13: 3 | C13: 616553.17 | D13: 3097759.5 | E13: 634.292 | F13: 8.664 | G13: 0 | H13: Junction | I13: 0 | J13: =B13-B12 -> 1 | K13: =MAX(0, K12-AO12) -> 50.95 | L13: =IF($A$2=0, IFERROR(L12, MAX('1D'!$D$16, POWER((ABS(K13)^2)/('1D'!$I$5*MAX(F13, 0.1)^2), 1/3))), IF(IFERROR(V12, 0)=0, IFERROR(L12, MAX('1D'!$D$16, POWER((ABS(K13)^2)/('1D'!$I$5*MAX(F13, 0.1)^2), 1/3))), IF(OR(IFERROR(L13, 0)=0, IFERROR(S12, 0)<1, IFERROR(S13, 0)<1), MAX('1D'!$D$16, POWER((ABS(K13)^2)/('1D'!$I$5*MAX(F13, 0.1)^2), 1/3)), IF(IFERROR(U13, 0)>0, MAX('1D'!$D$16, IFERROR(L13, 0)+((IFERROR(U13, 0))*'1D'!$D$18*IF((IFERROR(S13, 0))<1, 1, -1))), IF(IFERROR(U13, 0)<0, IF(ABS((MAX('1D'!$D$16, POWER((ABS(K13)^2)/('1D'!$I$5*MAX(F13, 0.1)^2), 1/3)))-IFERROR(L13, 0))>'1D'!$D$19, MAX('1D'!$D$16, IF((MAX('1D'!$D$16, POWER((ABS(K13)^2)/('1D'!$I$5*MAX(F13, 0.1)^2), 1/3)))>IFERROR(L13, 0), MIN((MAX('1D'!$D$16, POWER((ABS(K13)^2)/('1D'!$I$5*MAX(F13, 0.1)^2), 1/3))), IFERROR(L13, 0)+(MIN(ABS(IFERROR(U13, 0))*'1D'!$D$18, ABS((MAX('1D'!$D$16, POWER((ABS(K13)^2)/('1D'!$I$5*MAX(F13, 0.1)^2), 1/3)))-IFERROR(L13, 0))))), MAX((MAX('1D'!$D$16, POWER((ABS(K13)^2)/('1D'!$I$5*MAX(F13, 0.1)^2), 1/3))), IFERROR(L13, 0)-(MIN(ABS(IFERROR(U13, 0))*'1D'!$D$18, ABS((MAX('1D'!$D$16, POWER((ABS(K13)^2)/('1D'!$I$5*MAX(F13, 0.1)^2), 1/3)))-IFERROR(L13, 0))))))), MAX('1D'!$D$16, POWER((ABS(K13)^2)/('1D'!$I$5*MAX(F13, 0.1)^2), 1/3))), MAX('1D'!$D$16, IFERROR(L13, 0))))))) -> 1.1208693 | M13: =((F13)+(G13)*(L13))*(L13) -> 9.7112115 | N13: =(((F13)+(G13)*(L13))*(L13))/MAX((F13)+2*(L13)*SQRT(1+(G13)^2), 0.000001) -> 0.89046802 | O13: =ABS(K13)/MAX(((F13)+(G13)*(L13))*(L13), 0.000001) -> 5.2465133 | P13: =E13+L13 -> 635.41287 | Q13: =P13+((ABS(K13)/MAX(((F13)+(G13)*(L13))*(L13), 0.000001))^2)/(2*'1D'!$I$5) -> 636.81582 | R13: =((ABS(K13)*'1D'!$D$6)/(MAX(((F13)+(G13)*(L13))*(L13), 0.000001)*MAX(((((F13)+(G13)*(L13))*(L13))/MAX((F13)+2*(L13)*SQRT(1+(G13)^2), 0.000001))^(2/3), 0.000001)))^2 -> 0.0072293564 | S13: =ABS(ABS(K13)/MAX(((F13)+(G13)*(L13))*(L13), 0.000001))/SQRT('1D'!$I$5*MAX((((F13)+(G13)*(L13))*(L13))/MAX((F13)+2*(G13)*(L13), 0.000001), 0.000001)) -> 1.5821906 | T13: =((F13)*(L13)^2)/2+(G13)*(L13)^3/3+(ABS(K13)^2)/('1D'!$I$5*MAX(((F13)+(G13)*(L13))*(L13), 0.000001)) -> 32.69121 | U13: =IF($A$2=0, 0, IFERROR(Q12-(((R12+R13)/2)*J13)-(IF(O12>O13, '1D'!$D$8*((O12^2-O13^2)/(2*'1D'!$I$5)), '1D'!$D$9*((O13^2-O12^2)/(2*'1D'!$I$5)))+('1D'!$D$10*(ABS(I13)/90)*(MAX(O12^2, O13^2)/(2*'1D'!$I$5))))-Q13, 0)) -> 0 | V13: =IF($A$2=0, 1, IF(IFERROR(V12, 0)=0, 0, IFERROR(IF(ROUND(S13, 3)=1, 1, IF(AND(ABS(U13)<'1D'!$D$19, S13>1), 1, 0)), 0))) -> 1 | W13: =IF($A$2=0, MAX(MAX('1D'!$D$16, MAX('1D'!$D$16, POWER((ABS(K13)^2)/('1D'!$I$5*MAX(F13, 0.1)^2), 1/3))), IFERROR(W1396, MAX(MAX('1D'!$D$16, MAX('1D'!$D$16, POWER((ABS(K13)^2)/('1D'!$I$5*MAX(F13, 0.1)^2), 1/3))), ($L$2)-E1396))), IF(IFERROR(AG14, 0)=0, MAX(MAX('1D'!$D$16, MAX('1D'!$D$16, POWER((ABS(K13)^2)/('1D'!$I$5*MAX(F13, 0.1)^2), 1/3))), IFERROR(W1396, MAX(MAX('1D'!$D$16, MAX('1D'!$D$16, POWER((ABS(K13)^2)/('1D'!$I$5*MAX(F13, 0.1)^2), 1/3))), ($L$2)-E1396))), IF(IFERROR(W13, 0)=0, MAX(MAX('1D'!$D$16, MAX('1D'!$D$16, POWER((ABS(K13)^2)/('1D'!$I$5*MAX(F13, 0.1)^2), 1/3))), IFERROR(W1396, MAX(MAX('1D'!$D$16, MAX('1D'!$D$16, POWER((ABS(K13)^2)/('1D'!$I$5*MAX(F13, 0.1)^2), 1/3))), ($L$2)-E1396))), IF(OR(IFERROR(AD13, 0)>=1, IFERROR(AD14, 0)>=1), MAX('1D'!$D$16, MAX('1D'!$D$16, POWER((ABS(K13)^2)/('1D'!$I$5*MAX(F13, 0.1)^2), 1/3))), IF(ABS(IFERROR(AF13, 0))<'1D'!$D$19, MAX(MAX('1D'!$D$16, MAX('1D'!$D$16, POWER((ABS(K13)^2)/('1D'!$I$5*MAX(F13, 0.1)^2), 1/3))), IFERROR(W13, 0)), MAX(MAX('1D'!$D$16, MAX('1D'!$D$16, POWER((ABS(K13)^2)/('1D'!$I$5*MAX(F13, 0.1)^2), 1/3))), (IFERROR(W13, 0))+((IFERROR(AF13, 0))*'1D'!$D$18))))))) -> 1.5219282 | X13: =((F13)+(G13)*(W13))*(W13) -> 13.185986 | Y13: =(((F13)+(G13)*(W13))*(W13))/MAX((F13)+2*(W13)*SQRT(1+(G13)^2), 0.000001) -> 1.1262511 | Z13: =ABS(K13)/MAX(((F13)+(G13)*(W13))*(W13), 0.000001) -> 3.8639508 | AA13: =E13+W13 -> 635.81393 | AB13: =AA13+((ABS(K13)/MAX(((F13)+(G13)*(W13))*(W13), 0.000001))^2)/(2*'1D'!$I$5) -> 636.57489 | AC13: =((ABS(K13)*'1D'!$D$6)/(MAX(((F13)+(G13)*(W13))*(W13), 0.000001)*MAX(((((F13)+(G13)*(W13))*(W13))/MAX((F13)+2*(W13)*SQRT(1+(G13)^2), 0.000001))^(2/3), 0.000001)))^2 -> 0.0028668088 | AD13: =ABS(ABS(K13)/MAX(((F13)+(G13)*(W13))*(W13), 0.000001))/SQRT('1D'!$I$5*MAX((((F13)+(G13)*(W13))*(W13))/MAX((F13)+2*(G13)*(W13), 0.000001), 0.000001)) -> 1 | AE13: =((F13)*(W13)^2)/2+(G13)*(W13)^3/3+(ABS(K13)^2)/('1D'!$I$5*MAX(((F13)+(G13)*(W13))*(W13), 0.000001)) -> 30.102185 | AF13: =IF($A$2=0, 0, IFERROR(AB14+(((AC13+AC14)/2)*J14)+(IF(Z13>Z14, '1D'!$D$8*((Z13^2-Z14^2)/(2*'1D'!$I$5)), '1D'!$D$9*((Z14^2-Z13^2)/(2*'1D'!$I$5)))+('1D'!$D$10*(ABS(I14)/90)*(MAX(Z13^2, Z14^2)/(2*'1D'!$I$5))))-AB13, 0)) -> -0.10800691 | AG13: =IF($A$2=0, 1, IF(IFERROR(AG14, 0)=0, 0, IFERROR(IF(OR(ROUND(AD13, 3)>=1, AND(ABS(AF13)<'1D'!$D$19, AD13<1)), 1, 0), 0))) -> 1 | AH13: =IFERROR(IF('1D'!V32="Supercritical", MAX('1D'!$D$16, IFERROR(L13, MAX('1D'!$D$16, POWER((ABS(K13)^2)/('1D'!$I$5*MAX(F13, 0.1)^2), 1/3)))), IF('1D'!V32="Subcritical", MAX('1D'!$D$16, IFERROR(W13, MAX('1D'!$D$16, POWER((ABS(K13)^2)/('1D'!$I$5*MAX(F13, 0.1)^2), 1/3)))), IF(IFERROR(T13, -1E+99)>=IFERROR(AE13, -1E+99), MAX('1D'!$D$16, IFERROR(L13, MAX('1D'!$D$16, POWER((ABS(K13)^2)/('1D'!$I$5*MAX(F13, 0.1)^2), 1/3)))), MAX('1D'!$D$16, IFERROR(W13, MAX('1D'!$D$16, POWER((ABS(K13)^2)/('1D'!$I$5*MAX(F13, 0.1)^2), 1/3))))))), MAX('1D'!$D$16, POWER((ABS(K13)^2)/('1D'!$I$5*MAX(F13, 0.1)^2), 1/3))) -> 1.1208693 | AI13: =E13+AH13 -> 635.41287 | AJ13: =AI13+((ABS(K13)/MAX(((F13)+(G13)*(AH13))*(AH13), 0.000001))^2)/(2*'1D'!$I$5) -> 636.81582 | AM13: 0 | AN13: 0 | AO13: =AM13+AN13 -> 0 | AP13: =AP12+AO13 -> 0 | AQ13: =ABS(ABS(K13)/MAX(((F13)+(G13)*(AH13))*(AH13), 0.000001))/SQRT('1D'!$I$5*MAX((((F13)+(G13)*(AH13))*(AH13))/MAX((F13)+2*(G13)*(AH13), 0.000001), 0.000001)) -> 1.5821906 | AR13: =IF(AQ13<1, "Subcritical", "Supercritical") -> Supercritical | AS13: =((ABS(K13)*'1D'!$D$6)/(MAX(((F13)+(G13)*(AH13))*(AH13), 0.000001)*MAX(((((F13)+(G13)*(AH13))*(AH13))/MAX((F13)+2*(AH13)*SQRT(1+(G13)^2), 0.000001))^(2/3), 0.000001)))^2 -> 0.0072293564
A14: 5 | B14: 4 | C14: 616552.22 | D14: 3097759.2 | E14: 634.29 | F14: 9.401 | G14: 0 | H14: Junction | I14: 0 | J14: =B14-B13 -> 1 | K14: =MAX(0, K13-AO13) -> 50.95 | L14: =IF($A$2=0, IFERROR(L13, MAX('1D'!$D$16, POWER((ABS(K14)^2)/('1D'!$I$5*MAX(F14, 0.1)^2), 1/3))), IF(IFERROR(V13, 0)=0, IFERROR(L13, MAX('1D'!$D$16, POWER((ABS(K14)^2)/('1D'!$I$5*MAX(F14, 0.1)^2), 1/3))), IF(OR(IFERROR(L14, 0)=0, IFERROR(S13, 0)<1, IFERROR(S14, 0)<1), MAX('1D'!$D$16, POWER((ABS(K14)^2)/('1D'!$I$5*MAX(F14, 0.1)^2), 1/3)), IF(IFERROR(U14, 0)>0, MAX('1D'!$D$16, IFERROR(L14, 0)+((IFERROR(U14, 0))*'1D'!$D$18*IF((IFERROR(S14, 0))<1, 1, -1))), IF(IFERROR(U14, 0)<0, IF(ABS((MAX('1D'!$D$16, POWER((ABS(K14)^2)/('1D'!$I$5*MAX(F14, 0.1)^2), 1/3)))-IFERROR(L14, 0))>'1D'!$D$19, MAX('1D'!$D$16, IF((MAX('1D'!$D$16, POWER((ABS(K14)^2)/('1D'!$I$5*MAX(F14, 0.1)^2), 1/3)))>IFERROR(L14, 0), MIN((MAX('1D'!$D$16, POWER((ABS(K14)^2)/('1D'!$I$5*MAX(F14, 0.1)^2), 1/3))), IFERROR(L14, 0)+(MIN(ABS(IFERROR(U14, 0))*'1D'!$D$18, ABS((MAX('1D'!$D$16, POWER((ABS(K14)^2)/('1D'!$I$5*MAX(F14, 0.1)^2), 1/3)))-IFERROR(L14, 0))))), MAX((MAX('1D'!$D$16, POWER((ABS(K14)^2)/('1D'!$I$5*MAX(F14, 0.1)^2), 1/3))), IFERROR(L14, 0)-(MIN(ABS(IFERROR(U14, 0))*'1D'!$D$18, ABS((MAX('1D'!$D$16, POWER((ABS(K14)^2)/('1D'!$I$5*MAX(F14, 0.1)^2), 1/3)))-IFERROR(L14, 0))))))), MAX('1D'!$D$16, POWER((ABS(K14)^2)/('1D'!$I$5*MAX(F14, 0.1)^2), 1/3))), MAX('1D'!$D$16, IFERROR(L14, 0))))))) -> 0.99508718 | M14: =((F14)+(G14)*(L14))*(L14) -> 9.3548146 | N14: =(((F14)+(G14)*(L14))*(L14))/MAX((F14)+2*(L14)*SQRT(1+(G14)^2), 0.000001) -> 0.82123355 | O14: =ABS(K14)/MAX(((F14)+(G14)*(L14))*(L14), 0.000001) -> 5.4463933 | P14: =E14+L14 -> 635.28509 | Q14: =P14+((ABS(K14)/MAX(((F14)+(G14)*(L14))*(L14), 0.000001))^2)/(2*'1D'!$I$5) -> 636.79697 | R14: =((ABS(K14)*'1D'!$D$6)/(MAX(((F14)+(G14)*(L14))*(L14), 0.000001)*MAX(((((F14)+(G14)*(L14))*(L14))/MAX((F14)+2*(L14)*SQRT(1+(G14)^2), 0.000001))^(2/3), 0.000001)))^2 -> 0.0086785055 | S14: =ABS(ABS(K14)/MAX(((F14)+(G14)*(L14))*(L14), 0.000001))/SQRT('1D'!$I$5*MAX((((F14)+(G14)*(L14))*(L14))/MAX((F14)+2*(G14)*(L14), 0.000001), 0.000001)) -> 1.7431868 | T14: =((F14)*(L14)^2)/2+(G14)*(L14)^3/3+(ABS(K14)^2)/('1D'!$I$5*MAX(((F14)+(G14)*(L14))*(L14), 0.000001)) -> 32.941252 | U14: =IF($A$2=0, 0, IFERROR(Q13-(((R13+R14)/2)*J14)-(IF(O13>O14, '1D'!$D$8*((O13^2-O14^2)/(2*'1D'!$I$5)), '1D'!$D$9*((O14^2-O13^2)/(2*'1D'!$I$5)))+('1D'!$D$10*(ABS(I14)/90)*(MAX(O13^2, O14^2)/(2*'1D'!$I$5))))-Q14, 0)) -> 0 | V14: =IF($A$2=0, 1, IF(IFERROR(V13, 0)=0, 0, IFERROR(IF(ROUND(S14, 3)=1, 1, IF(AND(ABS(U14)<'1D'!$D$19, S14>1), 1, 0)), 0))) -> 1 | W14: =IF($A$2=0, MAX(MAX('1D'!$D$16, MAX('1D'!$D$16, POWER((ABS(K14)^2)/('1D'!$I$5*MAX(F14, 0.1)^2), 1/3))), IFERROR(W1396, MAX(MAX('1D'!$D$16, MAX('1D'!$D$16, POWER((ABS(K14)^2)/('1D'!$I$5*MAX(F14, 0.1)^2), 1/3))), ($L$2)-E1396))), IF(IFERROR(AG15, 0)=0, MAX(MAX('1D'!$D$16, MAX('1D'!$D$16, POWER((ABS(K14)^2)/('1D'!$I$5*MAX(F14, 0.1)^2), 1/3))), IFERROR(W1396, MAX(MAX('1D'!$D$16, MAX('1D'!$D$16, POWER((ABS(K14)^2)/('1D'!$I$5*MAX(F14, 0.1)^2), 1/3))), ($L$2)-E1396))), IF(IFERROR(W14, 0)=0, MAX(MAX('1D'!$D$16, MAX('1D'!$D$16, POWER((ABS(K14)^2)/('1D'!$I$5*MAX(F14, 0.1)^2), 1/3))), IFERROR(W1396, MAX(MAX('1D'!$D$16, MAX('1D'!$D$16, POWER((ABS(K14)^2)/('1D'!$I$5*MAX(F14, 0.1)^2), 1/3))), ($L$2)-E1396))), IF(OR(IFERROR(AD14, 0)>=1, IFERROR(AD15, 0)>=1), MAX('1D'!$D$16, MAX('1D'!$D$16, POWER((ABS(K14)^2)/('1D'!$I$5*MAX(F14, 0.1)^2), 1/3))), IF(ABS(IFERROR(AF14, 0))<'1D'!$D$19, MAX(MAX('1D'!$D$16, MAX('1D'!$D$16, POWER((ABS(K14)^2)/('1D'!$I$5*MAX(F14, 0.1)^2), 1/3))), IFERROR(W14, 0)), MAX(MAX('1D'!$D$16, MAX('1D'!$D$16, POWER((ABS(K14)^2)/('1D'!$I$5*MAX(F14, 0.1)^2), 1/3))), (IFERROR(W14, 0))+((IFERROR(AF14, 0))*'1D'!$D$18))))))) -> 1.441309 | X14: =((F14)+(G14)*(W14))*(W14) -> 13.549746 | Y14: =(((F14)+(G14)*(W14))*(W14))/MAX((F14)+2*(W14)*SQRT(1+(G14)^2), 0.000001) -> 1.1030745 | Z14: =ABS(K14)/MAX(((F14)+(G14)*(W14))*(W14), 0.000001) -> 3.7602182 | AA14: =E14+W14 -> 635.73131 | AB14: =AA14+((ABS(K14)/MAX(((F14)+(G14)*(W14))*(W14), 0.000001))^2)/(2*'1D'!$I$5) -> 636.45196 | AC14: =((ABS(K14)*'1D'!$D$6)/(MAX(((F14)+(G14)*(W14))*(W14), 0.000001)*MAX(((((F14)+(G14)*(W14))*(W14))/MAX((F14)+2*(W14)*SQRT(1+(G14)^2), 0.000001))^(2/3), 0.000001)))^2 -> 0.002791272 | AD14: =ABS(ABS(K14)/MAX(((F14)+(G14)*(W14))*(W14), 0.000001))/SQRT('1D'!$I$5*MAX((((F14)+(G14)*(W14))*(W14))/MAX((F14)+2*(G14)*(W14), 0.000001), 0.000001)) -> 1 | AE14: =((F14)*(W14)^2)/2+(G14)*(W14)^3/3+(ABS(K14)^2)/('1D'!$I$5*MAX(((F14)+(G14)*(W14))*(W14), 0.000001)) -> 29.294055 | AF14: =IF($A$2=0, 0, IFERROR(AB15+(((AC14+AC15)/2)*J15)+(IF(Z14>Z15, '1D'!$D$8*((Z14^2-Z15^2)/(2*'1D'!$I$5)), '1D'!$D$9*((Z15^2-Z14^2)/(2*'1D'!$I$5)))+('1D'!$D$10*(ABS(I15)/90)*(MAX(Z14^2, Z15^2)/(2*'1D'!$I$5))))-AB14, 0)) -> -0.094719164 | AG14: =IF($A$2=0, 1, IF(IFERROR(AG15, 0)=0, 0, IFERROR(IF(OR(ROUND(AD14, 3)>=1, AND(ABS(AF14)<'1D'!$D$19, AD14<1)), 1, 0), 0))) -> 1 | AH14: =IFERROR(IF('1D'!V32="Supercritical", MAX('1D'!$D$16, IFERROR(L14, MAX('1D'!$D$16, POWER((ABS(K14)^2)/('1D'!$I$5*MAX(F14, 0.1)^2), 1/3)))), IF('1D'!V32="Subcritical", MAX('1D'!$D$16, IFERROR(W14, MAX('1D'!$D$16, POWER((ABS(K14)^2)/('1D'!$I$5*MAX(F14, 0.1)^2), 1/3)))), IF(IFERROR(T14, -1E+99)>=IFERROR(AE14, -1E+99), MAX('1D'!$D$16, IFERROR(L14, MAX('1D'!$D$16, POWER((ABS(K14)^2)/('1D'!$I$5*MAX(F14, 0.1)^2), 1/3)))), MAX('1D'!$D$16, IFERROR(W14, MAX('1D'!$D$16, POWER((ABS(K14)^2)/('1D'!$I$5*MAX(F14, 0.1)^2), 1/3))))))), MAX('1D'!$D$16, POWER((ABS(K14)^2)/('1D'!$I$5*MAX(F14, 0.1)^2), 1/3))) -> 0.99508718 | AI14: =E14+AH14 -> 635.28509 | AJ14: =AI14+((ABS(K14)/MAX(((F14)+(G14)*(AH14))*(AH14), 0.000001))^2)/(2*'1D'!$I$5) -> 636.79697 | AM14: 0 | AN14: 0 | AO14: =AM14+AN14 -> 0 | AP14: =AP13+AO14 -> 0 | AQ14: =ABS(ABS(K14)/MAX(((F14)+(G14)*(AH14))*(AH14), 0.000001))/SQRT('1D'!$I$5*MAX((((F14)+(G14)*(AH14))*(AH14))/MAX((F14)+2*(G14)*(AH14), 0.000001), 0.000001)) -> 1.7431868 | AR14: =IF(AQ14<1, "Subcritical", "Supercritical") -> Supercritical | AS14: =((ABS(K14)*'1D'!$D$6)/(MAX(((F14)+(G14)*(AH14))*(AH14), 0.000001)*MAX(((((F14)+(G14)*(AH14))*(AH14))/MAX((F14)+2*(AH14)*SQRT(1+(G14)^2), 0.000001))^(2/3), 0.000001)))^2 -> 0.0086785055
A15: 6 | B15: 5 | C15: 616551.28 | D15: 3097758.8 | E15: 634.288 | F15: 10.138 | G15: 0 | H15: Junction | I15: 0 | J15: =B15-B14 -> 1 | K15: =MAX(0, K14-AO14) -> 50.95 | L15: =IF($A$2=0, IFERROR(L14, MAX('1D'!$D$16, POWER((ABS(K15)^2)/('1D'!$I$5*MAX(F15, 0.1)^2), 1/3))), IF(IFERROR(V14, 0)=0, IFERROR(L14, MAX('1D'!$D$16, POWER((ABS(K15)^2)/('1D'!$I$5*MAX(F15, 0.1)^2), 1/3))), IF(OR(IFERROR(L15, 0)=0, IFERROR(S14, 0)<1, IFERROR(S15, 0)<1), MAX('1D'!$D$16, POWER((ABS(K15)^2)/('1D'!$I$5*MAX(F15, 0.1)^2), 1/3)), IF(IFERROR(U15, 0)>0, MAX('1D'!$D$16, IFERROR(L15, 0)+((IFERROR(U15, 0))*'1D'!$D$18*IF((IFERROR(S15, 0))<1, 1, -1))), IF(IFERROR(U15, 0)<0, IF(ABS((MAX('1D'!$D$16, POWER((ABS(K15)^2)/('1D'!$I$5*MAX(F15, 0.1)^2), 1/3)))-IFERROR(L15, 0))>'1D'!$D$19, MAX('1D'!$D$16, IF((MAX('1D'!$D$16, POWER((ABS(K15)^2)/('1D'!$I$5*MAX(F15, 0.1)^2), 1/3)))>IFERROR(L15, 0), MIN((MAX('1D'!$D$16, POWER((ABS(K15)^2)/('1D'!$I$5*MAX(F15, 0.1)^2), 1/3))), IFERROR(L15, 0)+(MIN(ABS(IFERROR(U15, 0))*'1D'!$D$18, ABS((MAX('1D'!$D$16, POWER((ABS(K15)^2)/('1D'!$I$5*MAX(F15, 0.1)^2), 1/3)))-IFERROR(L15, 0))))), MAX((MAX('1D'!$D$16, POWER((ABS(K15)^2)/('1D'!$I$5*MAX(F15, 0.1)^2), 1/3))), IFERROR(L15, 0)-(MIN(ABS(IFERROR(U15, 0))*'1D'!$D$18, ABS((MAX('1D'!$D$16, POWER((ABS(K15)^2)/('1D'!$I$5*MAX(F15, 0.1)^2), 1/3)))-IFERROR(L15, 0))))))), MAX('1D'!$D$16, POWER((ABS(K15)^2)/('1D'!$I$5*MAX(F15, 0.1)^2), 1/3))), MAX('1D'!$D$16, IFERROR(L15, 0))))))) -> 0.89910702 | M15: =((F15)+(G15)*(L15))*(L15) -> 9.1151469 | N15: =(((F15)+(G15)*(L15))*(L15))/MAX((F15)+2*(L15)*SQRT(1+(G15)^2), 0.000001) -> 0.76365478 | O15: =ABS(K15)/MAX(((F15)+(G15)*(L15))*(L15), 0.000001) -> 5.5895972 | P15: =E15+L15 -> 635.18711 | Q15: =P15+((ABS(K15)/MAX(((F15)+(G15)*(L15))*(L15), 0.000001))^2)/(2*'1D'!$I$5) -> 636.77954 | R15: =((ABS(K15)*'1D'!$D$6)/(MAX(((F15)+(G15)*(L15))*(L15), 0.000001)*MAX(((((F15)+(G15)*(L15))*(L15))/MAX((F15)+2*(L15)*SQRT(1+(G15)^2), 0.000001))^(2/3), 0.000001)))^2 -> 0.01007119 | S15: =ABS(ABS(K15)/MAX(((F15)+(G15)*(L15))*(L15), 0.000001))/SQRT('1D'!$I$5*MAX((((F15)+(G15)*(L15))*(L15))/MAX((F15)+2*(G15)*(L15), 0.000001), 0.000001)) -> 1.8820897 | T15: =((F15)*(L15)^2)/2+(G15)*(L15)^3/3+(ABS(K15)^2)/('1D'!$I$5*MAX(((F15)+(G15)*(L15))*(L15), 0.000001)) -> 33.128325 | U15: =IF($A$2=0, 0, IFERROR(Q14-(((R14+R15)/2)*J15)-(IF(O14>O15, '1D'!$D$8*((O14^2-O15^2)/(2*'1D'!$I$5)), '1D'!$D$9*((O15^2-O14^2)/(2*'1D'!$I$5)))+('1D'!$D$10*(ABS(I15)/90)*(MAX(O14^2, O15^2)/(2*'1D'!$I$5))))-Q15, 0)) -> 0 | V15: =IF($A$2=0, 1, IF(IFERROR(V14, 0)=0, 0, IFERROR(IF(ROUND(S15, 3)=1, 1, IF(AND(ABS(U15)<'1D'!$D$19, S15>1), 1, 0)), 0))) -> 1 | W15: =IF($A$2=0, MAX(MAX('1D'!$D$16, MAX('1D'!$D$16, POWER((ABS(K15)^2)/('1D'!$I$5*MAX(F15, 0.1)^2), 1/3))), IFERROR(W1396, MAX(MAX('1D'!$D$16, MAX('1D'!$D$16, POWER((ABS(K15)^2)/('1D'!$I$5*MAX(F15, 0.1)^2), 1/3))), ($L$2)-E1396))), IF(IFERROR(AG16, 0)=0, MAX(MAX('1D'!$D$16, MAX('1D'!$D$16, POWER((ABS(K15)^2)/('1D'!$I$5*MAX(F15, 0.1)^2), 1/3))), IFERROR(W1396, MAX(MAX('1D'!$D$16, MAX('1D'!$D$16, POWER((ABS(K15)^2)/('1D'!$I$5*MAX(F15, 0.1)^2), 1/3))), ($L$2)-E1396))), IF(IFERROR(W15, 0)=0, MAX(MAX('1D'!$D$16, MAX('1D'!$D$16, POWER((ABS(K15)^2)/('1D'!$I$5*MAX(F15, 0.1)^2), 1/3))), IFERROR(W1396, MAX(MAX('1D'!$D$16, MAX('1D'!$D$16, POWER((ABS(K15)^2)/('1D'!$I$5*MAX(F15, 0.1)^2), 1/3))), ($L$2)-E1396))), IF(OR(IFERROR(AD15, 0)>=1, IFERROR(AD16, 0)>=1), MAX('1D'!$D$16, MAX('1D'!$D$16, POWER((ABS(K15)^2)/('1D'!$I$5*MAX(F15, 0.1)^2), 1/3))), IF(ABS(IFERROR(AF15, 0))<'1D'!$D$19, MAX(MAX('1D'!$D$16, MAX('1D'!$D$16, POWER((ABS(K15)^2)/('1D'!$I$5*MAX(F15, 0.1)^2), 1/3))), IFERROR(W15, 0)), MAX(MAX('1D'!$D$16, MAX('1D'!$D$16, POWER((ABS(K15)^2)/('1D'!$I$5*MAX(F15, 0.1)^2), 1/3))), (IFERROR(W15, 0))+((IFERROR(AF15, 0))*'1D'!$D$18))))))) -> 1.3705817 | X15: =((F15)+(G15)*(W15))*(W15) -> 13.894957 | Y15: =(((F15)+(G15)*(W15))*(W15))/MAX((F15)+2*(W15)*SQRT(1+(G15)^2), 0.000001) -> 1.0788711 | Z15: =ABS(K15)/MAX(((F15)+(G15)*(W15))*(W15), 0.000001) -> 3.6667979 | AA15: =E15+W15 -> 635.65858 | AB15: =AA15+((ABS(K15)/MAX(((F15)+(G15)*(W15))*(W15), 0.000001))^2)/(2*'1D'!$I$5) -> 636.34387 | AC15: =((ABS(K15)*'1D'!$D$6)/(MAX(((F15)+(G15)*(W15))*(W15), 0.000001)*MAX(((((F15)+(G15)*(W15))*(W15))/MAX((F15)+2*(W15)*SQRT(1+(G15)^2), 0.000001))^(2/3), 0.000001)))^2 -> 0.0027339907 | AD15: =ABS(ABS(K15)/MAX(((F15)+(G15)*(W15))*(W15), 0.000001))/SQRT('1D'!$I$5*MAX((((F15)+(G15)*(W15))*(W15))/MAX((F15)+2*(G15)*(W15), 0.000001), 0.000001)) -> 1 | AE15: =((F15)*(W15)^2)/2+(G15)*(W15)^3/3+(ABS(K15)^2)/('1D'!$I$5*MAX(((F15)+(G15)*(W15))*(W15), 0.000001)) -> 28.566262 | AF15: =IF($A$2=0, 0, IFERROR(AB16+(((AC15+AC16)/2)*J16)+(IF(Z15>Z16, '1D'!$D$8*((Z15^2-Z16^2)/(2*'1D'!$I$5)), '1D'!$D$9*((Z16^2-Z15^2)/(2*'1D'!$I$5)))+('1D'!$D$10*(ABS(I16)/90)*(MAX(Z15^2, Z16^2)/(2*'1D'!$I$5))))-AB15, 0)) -> -0.083687761 | AG15: =IF($A$2=0, 1, IF(IFERROR(AG16, 0)=0, 0, IFERROR(IF(OR(ROUND(AD15, 3)>=1, AND(ABS(AF15)<'1D'!$D$19, AD15<1)), 1, 0), 0))) -> 1 | AH15: =IFERROR(IF('1D'!V32="Supercritical", MAX('1D'!$D$16, IFERROR(L15, MAX('1D'!$D$16, POWER((ABS(K15)^2)/('1D'!$I$5*MAX(F15, 0.1)^2), 1/3)))), IF('1D'!V32="Subcritical", MAX('1D'!$D$16, IFERROR(W15, MAX('1D'!$D$16, POWER((ABS(K15)^2)/('1D'!$I$5*MAX(F15, 0.1)^2), 1/3)))), IF(IFERROR(T15, -1E+99)>=IFERROR(AE15, -1E+99), MAX('1D'!$D$16, IFERROR(L15, MAX('1D'!$D$16, POWER((ABS(K15)^2)/('1D'!$I$5*MAX(F15, 0.1)^2), 1/3)))), MAX('1D'!$D$16, IFERROR(W15, MAX('1D'!$D$16, POWER((ABS(K15)^2)/('1D'!$I$5*MAX(F15, 0.1)^2), 1/3))))))), MAX('1D'!$D$16, POWER((ABS(K15)^2)/('1D'!$I$5*MAX(F15, 0.1)^2), 1/3))) -> 0.89910702 | AI15: =E15+AH15 -> 635.18711 | AJ15: =AI15+((ABS(K15)/MAX(((F15)+(G15)*(AH15))*(AH15), 0.000001))^2)/(2*'1D'!$I$5) -> 636.77954 | AM15: 0 | AN15: 0 | AO15: =AM15+AN15 -> 0 | AP15: =AP14+AO15 -> 0 | AQ15: =ABS(ABS(K15)/MAX(((F15)+(G15)*(AH15))*(AH15), 0.000001))/SQRT('1D'!$I$5*MAX((((F15)+(G15)*(AH15))*(AH15))/MAX((F15)+2*(G15)*(AH15), 0.000001), 0.000001)) -> 1.8820897 | AR15: =IF(AQ15<1, "Subcritical", "Supercritical") -> Supercritical | AS15: =((ABS(K15)*'1D'!$D$6)/(MAX(((F15)+(G15)*(AH15))*(AH15), 0.000001)*MAX(((((F15)+(G15)*(AH15))*(AH15))/MAX((F15)+2*(AH15)*SQRT(1+(G15)^2), 0.000001))^(2/3), 0.000001)))^2 -> 0.01007119
A16: 7 | B16: 6 | C16: 616550.33 | D16: 3097758.5 | E16: 634.286 | F16: 10.874 | G16: 0 | H16: Junction | I16: 0.054 | J16: =B16-B15 -> 1 | K16: =MAX(0, K15-AO15) -> 50.95 | L16: =IF($A$2=0, IFERROR(L15, MAX('1D'!$D$16, POWER((ABS(K16)^2)/('1D'!$I$5*MAX(F16, 0.1)^2), 1/3))), IF(IFERROR(V15, 0)=0, IFERROR(L15, MAX('1D'!$D$16, POWER((ABS(K16)^2)/('1D'!$I$5*MAX(F16, 0.1)^2), 1/3))), IF(OR(IFERROR(L16, 0)=0, IFERROR(S15, 0)<1, IFERROR(S16, 0)<1), MAX('1D'!$D$16, POWER((ABS(K16)^2)/('1D'!$I$5*MAX(F16, 0.1)^2), 1/3)), IF(IFERROR(U16, 0)>0, MAX('1D'!$D$16, IFERROR(L16, 0)+((IFERROR(U16, 0))*'1D'!$D$18*IF((IFERROR(S16, 0))<1, 1, -1))), IF(IFERROR(U16, 0)<0, IF(ABS((MAX('1D'!$D$16, POWER((ABS(K16)^2)/('1D'!$I$5*MAX(F16, 0.1)^2), 1/3)))-IFERROR(L16, 0))>'1D'!$D$19, MAX('1D'!$D$16, IF((MAX('1D'!$D$16, POWER((ABS(K16)^2)/('1D'!$I$5*MAX(F16, 0.1)^2), 1/3)))>IFERROR(L16, 0), MIN((MAX('1D'!$D$16, POWER((ABS(K16)^2)/('1D'!$I$5*MAX(F16, 0.1)^2), 1/3))), IFERROR(L16, 0)+(MIN(ABS(IFERROR(U16, 0))*'1D'!$D$18, ABS((MAX('1D'!$D$16, POWER((ABS(K16)^2)/('1D'!$I$5*MAX(F16, 0.1)^2), 1/3)))-IFERROR(L16, 0))))), MAX((MAX('1D'!$D$16, POWER((ABS(K16)^2)/('1D'!$I$5*MAX(F16, 0.1)^2), 1/3))), IFERROR(L16, 0)-(MIN(ABS(IFERROR(U16, 0))*'1D'!$D$18, ABS((MAX('1D'!$D$16, POWER((ABS(K16)^2)/('1D'!$I$5*MAX(F16, 0.1)^2), 1/3)))-IFERROR(L16, 0))))))), MAX('1D'!$D$16, POWER((ABS(K16)^2)/('1D'!$I$5*MAX(F16, 0.1)^2), 1/3))), MAX('1D'!$D$16, IFERROR(L16, 0))))))) -> 0.82250819 | M16: =((F16)+(G16)*(L16))*(L16) -> 8.9439541 | N16: =(((F16)+(G16)*(L16))*(L16))/MAX((F16)+2*(L16)*SQRT(1+(G16)^2), 0.000001) -> 0.71442946 | O16: =ABS(K16)/MAX(((F16)+(G16)*(L16))*(L16), 0.000001) -> 5.6965856 | P16: =E16+L16 -> 635.10851 | Q16: =P16+((ABS(K16)/MAX(((F16)+(G16)*(L16))*(L16), 0.000001))^2)/(2*'1D'!$I$5) -> 636.76249 | R16: =((ABS(K16)*'1D'!$D$6)/(MAX(((F16)+(G16)*(L16))*(L16), 0.000001)*MAX(((((F16)+(G16)*(L16))*(L16))/MAX((F16)+2*(L16)*SQRT(1+(G16)^2), 0.000001))^(2/3), 0.000001)))^2 -> 0.011432274 | S16: =ABS(ABS(K16)/MAX(((F16)+(G16)*(L16))*(L16), 0.000001))/SQRT('1D'!$I$5*MAX((((F16)+(G16)*(L16))*(L16))/MAX((F16)+2*(G16)*(L16), 0.000001), 0.000001)) -> 2.0054415 | T16: =((F16)*(L16)^2)/2+(G16)*(L16)^3/3+(ABS(K16)^2)/('1D'!$I$5*MAX(((F16)+(G16)*(L16))*(L16), 0.000001)) -> 33.26448 | U16: =IF($A$2=0, 0, IFERROR(Q15-(((R15+R16)/2)*J16)-(IF(O15>O16, '1D'!$D$8*((O15^2-O16^2)/(2*'1D'!$I$5)), '1D'!$D$9*((O16^2-O15^2)/(2*'1D'!$I$5)))+('1D'!$D$10*(ABS(I16)/90)*(MAX(O15^2, O16^2)/(2*'1D'!$I$5))))-Q16, 0)) -> 0 | V16: =IF($A$2=0, 1, IF(IFERROR(V15, 0)=0, 0, IFERROR(IF(ROUND(S16, 3)=1, 1, IF(AND(ABS(U16)<'1D'!$D$19, S16>1), 1, 0)), 0))) -> 1 | W16: =IF($A$2=0, MAX(MAX('1D'!$D$16, MAX('1D'!$D$16, POWER((ABS(K16)^2)/('1D'!$I$5*MAX(F16, 0.1)^2), 1/3))), IFERROR(W1396, MAX(MAX('1D'!$D$16, MAX('1D'!$D$16, POWER((ABS(K16)^2)/('1D'!$I$5*MAX(F16, 0.1)^2), 1/3))), ($L$2)-E1396))), IF(IFERROR(AG17, 0)=0, MAX(MAX('1D'!$D$16, MAX('1D'!$D$16, POWER((ABS(K16)^2)/('1D'!$I$5*MAX(F16, 0.1)^2), 1/3))), IFERROR(W1396, MAX(MAX('1D'!$D$16, MAX('1D'!$D$16, POWER((ABS(K16)^2)/('1D'!$I$5*MAX(F16, 0.1)^2), 1/3))), ($L$2)-E1396))), IF(IFERROR(W16, 0)=0, MAX(MAX('1D'!$D$16, MAX('1D'!$D$16, POWER((ABS(K16)^2)/('1D'!$I$5*MAX(F16, 0.1)^2), 1/3))), IFERROR(W1396, MAX(MAX('1D'!$D$16, MAX('1D'!$D$16, POWER((ABS(K16)^2)/('1D'!$I$5*MAX(F16, 0.1)^2), 1/3))), ($L$2)-E1396))), IF(OR(IFERROR(AD16, 0)>=1, IFERROR(AD17, 0)>=1), MAX('1D'!$D$16, MAX('1D'!$D$16, POWER((ABS(K16)^2)/('1D'!$I$5*MAX(F16, 0.1)^2), 1/3))), IF(ABS(IFERROR(AF16, 0))<'1D'!$D$19, MAX(MAX('1D'!$D$16, MAX('1D'!$D$16, POWER((ABS(K16)^2)/('1D'!$I$5*MAX(F16, 0.1)^2), 1/3))), IFERROR(W16, 0)), MAX(MAX('1D'!$D$16, MAX('1D'!$D$16, POWER((ABS(K16)^2)/('1D'!$I$5*MAX(F16, 0.1)^2), 1/3))), (IFERROR(W16, 0))+((IFERROR(AF16, 0))*'1D'!$D$18))))))) -> 1.3080175 | X16: =((F16)+(G16)*(W16))*(W16) -> 14.223383 | Y16: =(((F16)+(G16)*(W16))*(W16))/MAX((F16)+2*(W16)*SQRT(1+(G16)^2), 0.000001) -> 1.0543622 | Z16: =ABS(K16)/MAX(((F16)+(G16)*(W16))*(W16), 0.000001) -> 3.5821296 | AA16: =E16+W16 -> 635.59402 | AB16: =AA16+((ABS(K16)/MAX(((F16)+(G16)*(W16))*(W16), 0.000001))^2)/(2*'1D'!$I$5) -> 636.24803 | AC16: =((ABS(K16)*'1D'!$D$6)/(MAX(((F16)+(G16)*(W16))*(W16), 0.000001)*MAX(((((F16)+(G16)*(W16))*(W16))/MAX((F16)+2*(W16)*SQRT(1+(G16)^2), 0.000001))^(2/3), 0.000001)))^2 -> 0.0026903699 | AD16: =ABS(ABS(K16)/MAX(((F16)+(G16)*(W16))*(W16), 0.000001))/SQRT('1D'!$I$5*MAX((((F16)+(G16)*(W16))*(W16))/MAX((F16)+2*(G16)*(W16), 0.000001), 0.000001)) -> 1 | AE16: =((F16)*(W16)^2)/2+(G16)*(W16)^3/3+(ABS(K16)^2)/('1D'!$I$5*MAX(((F16)+(G16)*(W16))*(W16), 0.000001)) -> 27.906652 | AF16: =IF($A$2=0, 0, IFERROR(AB17+(((AC16+AC17)/2)*J17)+(IF(Z16>Z17, '1D'!$D$8*((Z16^2-Z17^2)/(2*'1D'!$I$5)), '1D'!$D$9*((Z17^2-Z16^2)/(2*'1D'!$I$5)))+('1D'!$D$10*(ABS(I17)/90)*(MAX(Z16^2, Z17^2)/(2*'1D'!$I$5))))-AB16, 0)) -> -0.074804039 | AG16: =IF($A$2=0, 1, IF(IFERROR(AG17, 0)=0, 0, IFERROR(IF(OR(ROUND(AD16, 3)>=1, AND(ABS(AF16)<'1D'!$D$19, AD16<1)), 1, 0), 0))) -> 1 | AH16: =IFERROR(IF('1D'!V32="Supercritical", MAX('1D'!$D$16, IFERROR(L16, MAX('1D'!$D$16, POWER((ABS(K16)^2)/('1D'!$I$5*MAX(F16, 0.1)^2), 1/3)))), IF('1D'!V32="Subcritical", MAX('1D'!$D$16, IFERROR(W16, MAX('1D'!$D$16, POWER((ABS(K16)^2)/('1D'!$I$5*MAX(F16, 0.1)^2), 1/3)))), IF(IFERROR(T16, -1E+99)>=IFERROR(AE16, -1E+99), MAX('1D'!$D$16, IFERROR(L16, MAX('1D'!$D$16, POWER((ABS(K16)^2)/('1D'!$I$5*MAX(F16, 0.1)^2), 1/3)))), MAX('1D'!$D$16, IFERROR(W16, MAX('1D'!$D$16, POWER((ABS(K16)^2)/('1D'!$I$5*MAX(F16, 0.1)^2), 1/3))))))), MAX('1D'!$D$16, POWER((ABS(K16)^2)/('1D'!$I$5*MAX(F16, 0.1)^2), 1/3))) -> 0.82250819 | AI16: =E16+AH16 -> 635.10851 | AJ16: =AI16+((ABS(K16)/MAX(((F16)+(G16)*(AH16))*(AH16), 0.000001))^2)/(2*'1D'!$I$5) -> 636.76249 | AM16: 0 | AN16: 0 | AO16: =AM16+AN16 -> 0 | AP16: =AP15+AO16 -> 0 | AQ16: =ABS(ABS(K16)/MAX(((F16)+(G16)*(AH16))*(AH16), 0.000001))/SQRT('1D'!$I$5*MAX((((F16)+(G16)*(AH16))*(AH16))/MAX((F16)+2*(G16)*(AH16), 0.000001), 0.000001)) -> 2.0054415 | AR16: =IF(AQ16<1, "Subcritical", "Supercritical") -> Supercritical | AS16: =((ABS(K16)*'1D'!$D$6)/(MAX(((F16)+(G16)*(AH16))*(AH16), 0.000001)*MAX(((((F16)+(G16)*(AH16))*(AH16))/MAX((F16)+2*(AH16)*SQRT(1+(G16)^2), 0.000001))^(2/3), 0.000001)))^2 -> 0.011432274
A17: 8 | B17: 7 | C17: 616549.38 | D17: 3097758.2 | E17: 634.284 | F17: 11.611 | G17: 0 | H17: Junction | I17: 0.054 | J17: =B17-B16 -> 1 | K17: =MAX(0, K16-AO16) -> 50.95 | L17: =IF($A$2=0, IFERROR(L16, MAX('1D'!$D$16, POWER((ABS(K17)^2)/('1D'!$I$5*MAX(F17, 0.1)^2), 1/3))), IF(IFERROR(V16, 0)=0, IFERROR(L16, MAX('1D'!$D$16, POWER((ABS(K17)^2)/('1D'!$I$5*MAX(F17, 0.1)^2), 1/3))), IF(OR(IFERROR(L17, 0)=0, IFERROR(S16, 0)<1, IFERROR(S17, 0)<1), MAX('1D'!$D$16, POWER((ABS(K17)^2)/('1D'!$I$5*MAX(F17, 0.1)^2), 1/3)), IF(IFERROR(U17, 0)>0, MAX('1D'!$D$16, IFERROR(L17, 0)+((IFERROR(U17, 0))*'1D'!$D$18*IF((IFERROR(S17, 0))<1, 1, -1))), IF(IFERROR(U17, 0)<0, IF(ABS((MAX('1D'!$D$16, POWER((ABS(K17)^2)/('1D'!$I$5*MAX(F17, 0.1)^2), 1/3)))-IFERROR(L17, 0))>'1D'!$D$19, MAX('1D'!$D$16, IF((MAX('1D'!$D$16, POWER((ABS(K17)^2)/('1D'!$I$5*MAX(F17, 0.1)^2), 1/3)))>IFERROR(L17, 0), MIN((MAX('1D'!$D$16, POWER((ABS(K17)^2)/('1D'!$I$5*MAX(F17, 0.1)^2), 1/3))), IFERROR(L17, 0)+(MIN(ABS(IFERROR(U17, 0))*'1D'!$D$18, ABS((MAX('1D'!$D$16, POWER((ABS(K17)^2)/('1D'!$I$5*MAX(F17, 0.1)^2), 1/3)))-IFERROR(L17, 0))))), MAX((MAX('1D'!$D$16, POWER((ABS(K17)^2)/('1D'!$I$5*MAX(F17, 0.1)^2), 1/3))), IFERROR(L17, 0)-(MIN(ABS(IFERROR(U17, 0))*'1D'!$D$18, ABS((MAX('1D'!$D$16, POWER((ABS(K17)^2)/('1D'!$I$5*MAX(F17, 0.1)^2), 1/3)))-IFERROR(L17, 0))))))), MAX('1D'!$D$16, POWER((ABS(K17)^2)/('1D'!$I$5*MAX(F17, 0.1)^2), 1/3))), MAX('1D'!$D$16, IFERROR(L17, 0))))))) -> 0.7593374 | M17: =((F17)+(G17)*(L17))*(L17) -> 8.8166665 | N17: =(((F17)+(G17)*(L17))*(L17))/MAX((F17)+2*(L17)*SQRT(1+(G17)^2), 0.000001) -> 0.67150685 | O17: =ABS(K17)/MAX(((F17)+(G17)*(L17))*(L17), 0.000001) -> 5.7788281 | P17: =E17+L17 -> 635.04334 | Q17: =P17+((ABS(K17)/MAX(((F17)+(G17)*(L17))*(L17), 0.000001))^2)/(2*'1D'!$I$5) -> 636.74542 | R17: =((ABS(K17)*'1D'!$D$6)/(MAX(((F17)+(G17)*(L17))*(L17), 0.000001)*MAX(((((F17)+(G17)*(L17))*(L17))/MAX((F17)+2*(L17)*SQRT(1+(G17)^2), 0.000001))^(2/3), 0.000001)))^2 -> 0.012777958 | S17: =ABS(ABS(K17)/MAX(((F17)+(G17)*(L17))*(L17), 0.000001))/SQRT('1D'!$I$5*MAX((((F17)+(G17)*(L17))*(L17))/MAX((F17)+2*(G17)*(L17), 0.000001), 0.000001)) -> 2.1173267 | T17: =((F17)*(L17)^2)/2+(G17)*(L17)^3/3+(ABS(K17)^2)/('1D'!$I$5*MAX(((F17)+(G17)*(L17))*(L17), 0.000001)) -> 33.360796 | U17: =IF($A$2=0, 0, IFERROR(Q16-(((R16+R17)/2)*J17)-(IF(O16>O17, '1D'!$D$8*((O16^2-O17^2)/(2*'1D'!$I$5)), '1D'!$D$9*((O17^2-O16^2)/(2*'1D'!$I$5)))+('1D'!$D$10*(ABS(I17)/90)*(MAX(O16^2, O17^2)/(2*'1D'!$I$5))))-Q17, 0)) -> 0 | V17: =IF($A$2=0, 1, IF(IFERROR(V16, 0)=0, 0, IFERROR(IF(ROUND(S17, 3)=1, 1, IF(AND(ABS(U17)<'1D'!$D$19, S17>1), 1, 0)), 0))) -> 1 | W17: =IF($A$2=0, MAX(MAX('1D'!$D$16, MAX('1D'!$D$16, POWER((ABS(K17)^2)/('1D'!$I$5*MAX(F17, 0.1)^2), 1/3))), IFERROR(W1396, MAX(MAX('1D'!$D$16, MAX('1D'!$D$16, POWER((ABS(K17)^2)/('1D'!$I$5*MAX(F17, 0.1)^2), 1/3))), ($L$2)-E1396))), IF(IFERROR(AG18, 0)=0, MAX(MAX('1D'!$D$16, MAX('1D'!$D$16, POWER((ABS(K17)^2)/('1D'!$I$5*MAX(F17, 0.1)^2), 1/3))), IFERROR(W1396, MAX(MAX('1D'!$D$16, MAX('1D'!$D$16, POWER((ABS(K17)^2)/('1D'!$I$5*MAX(F17, 0.1)^2), 1/3))), ($L$2)-E1396))), IF(IFERROR(W17, 0)=0, MAX(MAX('1D'!$D$16, MAX('1D'!$D$16, POWER((ABS(K17)^2)/('1D'!$I$5*MAX(F17, 0.1)^2), 1/3))), IFERROR(W1396, MAX(MAX('1D'!$D$16, MAX('1D'!$D$16, POWER((ABS(K17)^2)/('1D'!$I$5*MAX(F17, 0.1)^2), 1/3))), ($L$2)-E1396))), IF(OR(IFERROR(AD17, 0)>=1, IFERROR(AD18, 0)>=1), MAX('1D'!$D$16, MAX('1D'!$D$16, POWER((ABS(K17)^2)/('1D'!$I$5*MAX(F17, 0.1)^2), 1/3))), IF(ABS(IFERROR(AF17, 0))<'1D'!$D$19, MAX(MAX('1D'!$D$16, MAX('1D'!$D$16, POWER((ABS(K17)^2)/('1D'!$I$5*MAX(F17, 0.1)^2), 1/3))), IFERROR(W17, 0)), MAX(MAX('1D'!$D$16, MAX('1D'!$D$16, POWER((ABS(K17)^2)/('1D'!$I$5*MAX(F17, 0.1)^2), 1/3))), (IFERROR(W17, 0))+((IFERROR(AF17, 0))*'1D'!$D$18))))))) -> 1.2520645 | X17: =((F17)+(G17)*(W17))*(W17) -> 14.537721 | Y17: =(((F17)+(G17)*(W17))*(W17))/MAX((F17)+2*(W17)*SQRT(1+(G17)^2), 0.000001) -> 1.0299389 | Z17: =ABS(K17)/MAX(((F17)+(G17)*(W17))*(W17), 0.000001) -> 3.5046759 | AA17: =E17+W17 -> 635.53606 | AB17: =AA17+((ABS(K17)/MAX(((F17)+(G17)*(W17))*(W17), 0.000001))^2)/(2*'1D'!$I$5) -> 636.1621 | AC17: =((ABS(K17)*'1D'!$D$6)/(MAX(((F17)+(G17)*(W17))*(W17), 0.000001)*MAX(((((F17)+(G17)*(W17))*(W17))/MAX((F17)+2*(W17)*SQRT(1+(G17)^2), 0.000001))^(2/3), 0.000001)))^2 -> 0.0026570288 | AD17: =ABS(ABS(K17)/MAX(((F17)+(G17)*(W17))*(W17), 0.000001))/SQRT('1D'!$I$5*MAX((((F17)+(G17)*(W17))*(W17))/MAX((F17)+2*(G17)*(W17), 0.000001), 0.000001)) -> 1 | AE17: =((F17)*(W17)^2)/2+(G17)*(W17)^3/3+(ABS(K17)^2)/('1D'!$I$5*MAX(((F17)+(G17)*(W17))*(W17), 0.000001)) -> 27.303247 | AF17: =IF($A$2=0, 0, IFERROR(AB18+(((AC17+AC18)/2)*J18)+(IF(Z17>Z18, '1D'!$D$8*((Z17^2-Z18^2)/(2*'1D'!$I$5)), '1D'!$D$9*((Z18^2-Z17^2)/(2*'1D'!$I$5)))+('1D'!$D$10*(ABS(I18)/90)*(MAX(Z17^2, Z18^2)/(2*'1D'!$I$5))))-AB17, 0)) -> -0.067300489 | AG17: =IF($A$2=0, 1, IF(IFERROR(AG18, 0)=0, 0, IFERROR(IF(OR(ROUND(AD17, 3)>=1, AND(ABS(AF17)<'1D'!$D$19, AD17<1)), 1, 0), 0))) -> 1 | AH17: =IFERROR(IF('1D'!V32="Supercritical", MAX('1D'!$D$16, IFERROR(L17, MAX('1D'!$D$16, POWER((ABS(K17)^2)/('1D'!$I$5*MAX(F17, 0.1)^2), 1/3)))), IF('1D'!V32="Subcritical", MAX('1D'!$D$16, IFERROR(W17, MAX('1D'!$D$16, POWER((ABS(K17)^2)/('1D'!$I$5*MAX(F17, 0.1)^2), 1/3)))), IF(IFERROR(T17, -1E+99)>=IFERROR(AE17, -1E+99), MAX('1D'!$D$16, IFERROR(L17, MAX('1D'!$D$16, POWER((ABS(K17)^2)/('1D'!$I$5*MAX(F17, 0.1)^2), 1/3)))), MAX('1D'!$D$16, IFERROR(W17, MAX('1D'!$D$16, POWER((ABS(K17)^2)/('1D'!$I$5*MAX(F17, 0.1)^2), 1/3))))))), MAX('1D'!$D$16, POWER((ABS(K17)^2)/('1D'!$I$5*MAX(F17, 0.1)^2), 1/3))) -> 0.7593374 | AI17: =E17+AH17 -> 635.04334 | AJ17: =AI17+((ABS(K17)/MAX(((F17)+(G17)*(AH17))*(AH17), 0.000001))^2)/(2*'1D'!$I$5) -> 636.74542 | AM17: 0 | AN17: 0 | AO17: =AM17+AN17 -> 0 | AP17: =AP16+AO17 -> 0 | AQ17: =ABS(ABS(K17)/MAX(((F17)+(G17)*(AH17))*(AH17), 0.000001))/SQRT('1D'!$I$5*MAX((((F17)+(G17)*(AH17))*(AH17))/MAX((F17)+2*(G17)*(AH17), 0.000001), 0.000001)) -> 2.1173267 | AR17: =IF(AQ17<1, "Subcritical", "Supercritical") -> Supercritical | AS17: =((ABS(K17)*'1D'!$D$6)/(MAX(((F17)+(G17)*(AH17))*(AH17), 0.000001)*MAX(((((F17)+(G17)*(AH17))*(AH17))/MAX((F17)+2*(AH17)*SQRT(1+(G17)^2), 0.000001))^(2/3), 0.000001)))^2 -> 0.012777958
A18: 9 | B18: 8 | C18: 616548.44 | D18: 3097757.9 | E18: 634.282 | F18: 12.348 | G18: 0 | H18: Junction | I18: 0 | J18: =B18-B17 -> 1 | K18: =MAX(0, K17-AO17) -> 50.95 | L18: =IF($A$2=0, IFERROR(L17, MAX('1D'!$D$16, POWER((ABS(K18)^2)/('1D'!$I$5*MAX(F18, 0.1)^2), 1/3))), IF(IFERROR(V17, 0)=0, IFERROR(L17, MAX('1D'!$D$16, POWER((ABS(K18)^2)/('1D'!$I$5*MAX(F18, 0.1)^2), 1/3))), IF(OR(IFERROR(L18, 0)=0, IFERROR(S17, 0)<1, IFERROR(S18, 0)<1), MAX('1D'!$D$16, POWER((ABS(K18)^2)/('1D'!$I$5*MAX(F18, 0.1)^2), 1/3)), IF(IFERROR(U18, 0)>0, MAX('1D'!$D$16, IFERROR(L18, 0)+((IFERROR(U18, 0))*'1D'!$D$18*IF((IFERROR(S18, 0))<1, 1, -1))), IF(IFERROR(U18, 0)<0, IF(ABS((MAX('1D'!$D$16, POWER((ABS(K18)^2)/('1D'!$I$5*MAX(F18, 0.1)^2), 1/3)))-IFERROR(L18, 0))>'1D'!$D$19, MAX('1D'!$D$16, IF((MAX('1D'!$D$16, POWER((ABS(K18)^2)/('1D'!$I$5*MAX(F18, 0.1)^2), 1/3)))>IFERROR(L18, 0), MIN((MAX('1D'!$D$16, POWER((ABS(K18)^2)/('1D'!$I$5*MAX(F18, 0.1)^2), 1/3))), IFERROR(L18, 0)+(MIN(ABS(IFERROR(U18, 0))*'1D'!$D$18, ABS((MAX('1D'!$D$16, POWER((ABS(K18)^2)/('1D'!$I$5*MAX(F18, 0.1)^2), 1/3)))-IFERROR(L18, 0))))), MAX((MAX('1D'!$D$16, POWER((ABS(K18)^2)/('1D'!$I$5*MAX(F18, 0.1)^2), 1/3))), IFERROR(L18, 0)-(MIN(ABS(IFERROR(U18, 0))*'1D'!$D$18, ABS((MAX('1D'!$D$16, POWER((ABS(K18)^2)/('1D'!$I$5*MAX(F18, 0.1)^2), 1/3)))-IFERROR(L18, 0))))))), MAX('1D'!$D$16, POWER((ABS(K18)^2)/('1D'!$I$5*MAX(F18, 0.1)^2), 1/3))), MAX('1D'!$D$16, IFERROR(L18, 0))))))) -> 0.7061953 | M18: =((F18)+(G18)*(L18))*(L18) -> 8.7200995 | N18: =(((F18)+(G18)*(L18))*(L18))/MAX((F18)+2*(L18)*SQRT(1+(G18)^2), 0.000001) -> 0.63371017 | O18: =ABS(K18)/MAX(((F18)+(G18)*(L18))*(L18), 0.000001) -> 5.8428232 | P18: =E18+L18 -> 634.9882 | Q18: =P18+((ABS(K18)/MAX(((F18)+(G18)*(L18))*(L18), 0.000001))^2)/(2*'1D'!$I$5) -> 636.72818 | R18: =((ABS(K18)*'1D'!$D$6)/(MAX(((F18)+(G18)*(L18))*(L18), 0.000001)*MAX(((((F18)+(G18)*(L18))*(L18))/MAX((F18)+2*(L18)*SQRT(1+(G18)^2), 0.000001))^(2/3), 0.000001)))^2 -> 0.014111519 | S18: =ABS(ABS(K18)/MAX(((F18)+(G18)*(L18))*(L18), 0.000001))/SQRT('1D'!$I$5*MAX((((F18)+(G18)*(L18))*(L18))/MAX((F18)+2*(G18)*(L18), 0.000001), 0.000001)) -> 2.2198613 | T18: =((F18)*(L18)^2)/2+(G18)*(L18)^3/3+(ABS(K18)^2)/('1D'!$I$5*MAX(((F18)+(G18)*(L18))*(L18), 0.000001)) -> 33.4248 | U18: =IF($A$2=0, 0, IFERROR(Q17-(((R17+R18)/2)*J18)-(IF(O17>O18, '1D'!$D$8*((O17^2-O18^2)/(2*'1D'!$I$5)), '1D'!$D$9*((O18^2-O17^2)/(2*'1D'!$I$5)))+('1D'!$D$10*(ABS(I18)/90)*(MAX(O17^2, O18^2)/(2*'1D'!$I$5))))-Q18, 0)) -> 0 | V18: =IF($A$2=0, 1, IF(IFERROR(V17, 0)=0, 0, IFERROR(IF(ROUND(S18, 3)=1, 1, IF(AND(ABS(U18)<'1D'!$D$19, S18>1), 1, 0)), 0))) -> 1 | W18: =IF($A$2=0, MAX(MAX('1D'!$D$16, MAX('1D'!$D$16, POWER((ABS(K18)^2)/('1D'!$I$5*MAX(F18, 0.1)^2), 1/3))), IFERROR(W1396, MAX(MAX('1D'!$D$16, MAX('1D'!$D$16, POWER((ABS(K18)^2)/('1D'!$I$5*MAX(F18, 0.1)^2), 1/3))), ($L$2)-E1396))), IF(IFERROR(AG19, 0)=0, MAX(MAX('1D'!$D$16, MAX('1D'!$D$16, POWER((ABS(K18)^2)/('1D'!$I$5*MAX(F18, 0.1)^2), 1/3))), IFERROR(W1396, MAX(MAX('1D'!$D$16, MAX('1D'!$D$16, POWER((ABS(K18)^2)/('1D'!$I$5*MAX(F18, 0.1)^2), 1/3))), ($L$2)-E1396))), IF(IFERROR(W18, 0)=0, MAX(MAX('1D'!$D$16, MAX('1D'!$D$16, POWER((ABS(K18)^2)/('1D'!$I$5*MAX(F18, 0.1)^2), 1/3))), IFERROR(W1396, MAX(MAX('1D'!$D$16, MAX('1D'!$D$16, POWER((ABS(K18)^2)/('1D'!$I$5*MAX(F18, 0.1)^2), 1/3))), ($L$2)-E1396))), IF(OR(IFERROR(AD18, 0)>=1, IFERROR(AD19, 0)>=1), MAX('1D'!$D$16, MAX('1D'!$D$16, POWER((ABS(K18)^2)/('1D'!$I$5*MAX(F18, 0.1)^2), 1/3))), IF(ABS(IFERROR(AF18, 0))<'1D'!$D$19, MAX(MAX('1D'!$D$16, MAX('1D'!$D$16, POWER((ABS(K18)^2)/('1D'!$I$5*MAX(F18, 0.1)^2), 1/3))), IFERROR(W18, 0)), MAX(MAX('1D'!$D$16, MAX('1D'!$D$16, POWER((ABS(K18)^2)/('1D'!$I$5*MAX(F18, 0.1)^2), 1/3))), (IFERROR(W18, 0))+((IFERROR(AF18, 0))*'1D'!$D$18))))))) -> 1.201735 | X18: =((F18)+(G18)*(W18))*(W18) -> 14.839024 | Y18: =(((F18)+(G18)*(W18))*(W18))/MAX((F18)+2*(W18)*SQRT(1+(G18)^2), 0.000001) -> 1.0059353 | Z18: =ABS(K18)/MAX(((F18)+(G18)*(W18))*(W18), 0.000001) -> 3.4335143 | AA18: =E18+W18 -> 635.48373 | AB18: =AA18+((ABS(K18)/MAX(((F18)+(G18)*(W18))*(W18), 0.000001))^2)/(2*'1D'!$I$5) -> 636.0846 | AC18: =((ABS(K18)*'1D'!$D$6)/(MAX(((F18)+(G18)*(W18))*(W18), 0.000001)*MAX(((((F18)+(G18)*(W18))*(W18))/MAX((F18)+2*(W18)*SQRT(1+(G18)^2), 0.000001))^(2/3), 0.000001)))^2 -> 0.0026316827 | AD18: =ABS(ABS(K18)/MAX(((F18)+(G18)*(W18))*(W18), 0.000001))/SQRT('1D'!$I$5*MAX((((F18)+(G18)*(W18))*(W18))/MAX((F18)+2*(G18)*(W18), 0.000001), 0.000001)) -> 1 | AE18: =((F18)*(W18)^2)/2+(G18)*(W18)^3/3+(ABS(K18)^2)/('1D'!$I$5*MAX(((F18)+(G18)*(W18))*(W18), 0.000001)) -> 26.748861 | AF18: =IF($A$2=0, 0, IFERROR(AB19+(((AC18+AC19)/2)*J19)+(IF(Z18>Z19, '1D'!$D$8*((Z18^2-Z19^2)/(2*'1D'!$I$5)), '1D'!$D$9*((Z19^2-Z18^2)/(2*'1D'!$I$5)))+('1D'!$D$10*(ABS(I19)/90)*(MAX(Z18^2, Z19^2)/(2*'1D'!$I$5))))-AB18, 0)) -> 1.0792863 | AG18: =IF($A$2=0, 1, IF(IFERROR(AG19, 0)=0, 0, IFERROR(IF(OR(ROUND(AD18, 3)>=1, AND(ABS(AF18)<'1D'!$D$19, AD18<1)), 1, 0), 0))) -> 1 | AH18: =IFERROR(IF('1D'!V32="Supercritical", MAX('1D'!$D$16, IFERROR(L18, MAX('1D'!$D$16, POWER((ABS(K18)^2)/('1D'!$I$5*MAX(F18, 0.1)^2), 1/3)))), IF('1D'!V32="Subcritical", MAX('1D'!$D$16, IFERROR(W18, MAX('1D'!$D$16, POWER((ABS(K18)^2)/('1D'!$I$5*MAX(F18, 0.1)^2), 1/3)))), IF(IFERROR(T18, -1E+99)>=IFERROR(AE18, -1E+99), MAX('1D'!$D$16, IFERROR(L18, MAX('1D'!$D$16, POWER((ABS(K18)^2)/('1D'!$I$5*MAX(F18, 0.1)^2), 1/3)))), MAX('1D'!$D$16, IFERROR(W18, MAX('1D'!$D$16, POWER((ABS(K18)^2)/('1D'!$I$5*MAX(F18, 0.1)^2), 1/3))))))), MAX('1D'!$D$16, POWER((ABS(K18)^2)/('1D'!$I$5*MAX(F18, 0.1)^2), 1/3))) -> 0.7061953 | AI18: =E18+AH18 -> 634.9882 | AJ18: =AI18+((ABS(K18)/MAX(((F18)+(G18)*(AH18))*(AH18), 0.000001))^2)/(2*'1D'!$I$5) -> 636.72818 | AM18: 0 | AN18: 0 | AO18: =AM18+AN18 -> 0 | AP18: =AP17+AO18 -> 0 | AQ18: =ABS(ABS(K18)/MAX(((F18)+(G18)*(AH18))*(AH18), 0.000001))/SQRT('1D'!$I$5*MAX((((F18)+(G18)*(AH18))*(AH18))/MAX((F18)+2*(G18)*(AH18), 0.000001), 0.000001)) -> 2.2198613 | AR18: =IF(AQ18<1, "Subcritical", "Supercritical") -> Supercritical | AS18: =((ABS(K18)*'1D'!$D$6)/(MAX(((F18)+(G18)*(AH18))*(AH18), 0.000001)*MAX(((((F18)+(G18)*(AH18))*(AH18))/MAX((F18)+2*(AH18)*SQRT(1+(G18)^2), 0.000001))^(2/3), 0.000001)))^2 -> 0.014111519
A19: 10 | B19: 9 | C19: 616547.49 | D19: 3097757.6 | E19: 634.28 | F19: 6.224 | G19: 0 | H19: Normal | I19: 0 | J19: =B19-B18 -> 1 | K19: =MAX(0, K18-AO18) -> 50.95 | L19: =IF($A$2=0, IFERROR(L18, MAX('1D'!$D$16, POWER((ABS(K19)^2)/('1D'!$I$5*MAX(F19, 0.1)^2), 1/3))), IF(IFERROR(V18, 0)=0, IFERROR(L18, MAX('1D'!$D$16, POWER((ABS(K19)^2)/('1D'!$I$5*MAX(F19, 0.1)^2), 1/3))), IF(OR(IFERROR(L19, 0)=0, IFERROR(S18, 0)<1, IFERROR(S19, 0)<1), MAX('1D'!$D$16, POWER((ABS(K19)^2)/('1D'!$I$5*MAX(F19, 0.1)^2), 1/3)), IF(IFERROR(U19, 0)>0, MAX('1D'!$D$16, IFERROR(L19, 0)+((IFERROR(U19, 0))*'1D'!$D$18*IF((IFERROR(S19, 0))<1, 1, -1))), IF(IFERROR(U19, 0)<0, IF(ABS((MAX('1D'!$D$16, POWER((ABS(K19)^2)/('1D'!$I$5*MAX(F19, 0.1)^2), 1/3)))-IFERROR(L19, 0))>'1D'!$D$19, MAX('1D'!$D$16, IF((MAX('1D'!$D$16, POWER((ABS(K19)^2)/('1D'!$I$5*MAX(F19, 0.1)^2), 1/3)))>IFERROR(L19, 0), MIN((MAX('1D'!$D$16, POWER((ABS(K19)^2)/('1D'!$I$5*MAX(F19, 0.1)^2), 1/3))), IFERROR(L19, 0)+(MIN(ABS(IFERROR(U19, 0))*'1D'!$D$18, ABS((MAX('1D'!$D$16, POWER((ABS(K19)^2)/('1D'!$I$5*MAX(F19, 0.1)^2), 1/3)))-IFERROR(L19, 0))))), MAX((MAX('1D'!$D$16, POWER((ABS(K19)^2)/('1D'!$I$5*MAX(F19, 0.1)^2), 1/3))), IFERROR(L19, 0)-(MIN(ABS(IFERROR(U19, 0))*'1D'!$D$18, ABS((MAX('1D'!$D$16, POWER((ABS(K19)^2)/('1D'!$I$5*MAX(F19, 0.1)^2), 1/3)))-IFERROR(L19, 0))))))), MAX('1D'!$D$16, POWER((ABS(K19)^2)/('1D'!$I$5*MAX(F19, 0.1)^2), 1/3))), MAX('1D'!$D$16, IFERROR(L19, 0))))))) -> 1.8974051 | M19: =((F19)+(G19)*(L19))*(L19) -> 11.809449 | N19: =(((F19)+(G19)*(L19))*(L19))/MAX((F19)+2*(L19)*SQRT(1+(G19)^2), 0.000001) -> 1.1787277 | O19: =ABS(K19)/MAX(((F19)+(G19)*(L19))*(L19), 0.000001) -> 4.3143417 | P19: =E19+L19 -> 636.17741 | Q19: =P19+((ABS(K19)/MAX(((F19)+(G19)*(L19))*(L19), 0.000001))^2)/(2*'1D'!$I$5) -> 637.12611 | R19: =((ABS(K19)*'1D'!$D$6)/(MAX(((F19)+(G19)*(L19))*(L19), 0.000001)*MAX(((((F19)+(G19)*(L19))*(L19))/MAX((F19)+2*(L19)*SQRT(1+(G19)^2), 0.000001))^(2/3), 0.000001)))^2 -> 0.0033635167 | S19: =ABS(ABS(K19)/MAX(((F19)+(G19)*(L19))*(L19), 0.000001))/SQRT('1D'!$I$5*MAX((((F19)+(G19)*(L19))*(L19))/MAX((F19)+2*(G19)*(L19), 0.000001), 0.000001)) -> 1 | T19: =((F19)*(L19)^2)/2+(G19)*(L19)^3/3+(ABS(K19)^2)/('1D'!$I$5*MAX(((F19)+(G19)*(L19))*(L19), 0.000001)) -> 33.610965 | U19: =IF($A$2=0, 0, IFERROR(Q18-(((R18+R19)/2)*J19)-(IF(O18>O19, '1D'!$D$8*((O18^2-O19^2)/(2*'1D'!$I$5)), '1D'!$D$9*((O19^2-O18^2)/(2*'1D'!$I$5)))+('1D'!$D$10*(ABS(I19)/90)*(MAX(O18^2, O19^2)/(2*'1D'!$I$5))))-Q19, 0)) -> -0.64404686 | V19: =IF($A$2=0, 1, IF(IFERROR(V18, 0)=0, 0, IFERROR(IF(ROUND(S19, 3)=1, 1, IF(AND(ABS(U19)<'1D'!$D$19, S19>1), 1, 0)), 0))) -> 1 | W19: =IF($A$2=0, MAX(MAX('1D'!$D$16, MAX('1D'!$D$16, POWER((ABS(K19)^2)/('1D'!$I$5*MAX(F19, 0.1)^2), 1/3))), IFERROR(W1396, MAX(MAX('1D'!$D$16, MAX('1D'!$D$16, POWER((ABS(K19)^2)/('1D'!$I$5*MAX(F19, 0.1)^2), 1/3))), ($L$2)-E1396))), IF(IFERROR(AG20, 0)=0, MAX(MAX('1D'!$D$16, MAX('1D'!$D$16, POWER((ABS(K19)^2)/('1D'!$I$5*MAX(F19, 0.1)^2), 1/3))), IFERROR(W1396, MAX(MAX('1D'!$D$16, MAX('1D'!$D$16, POWER((ABS(K19)^2)/('1D'!$I$5*MAX(F19, 0.1)^2), 1/3))), ($L$2)-E1396))), IF(IFERROR(W19, 0)=0, MAX(MAX('1D'!$D$16, MAX('1D'!$D$16, POWER((ABS(K19)^2)/('1D'!$I$5*MAX(F19, 0.1)^2), 1/3))), IFERROR(W1396, MAX(MAX('1D'!$D$16, MAX('1D'!$D$16, POWER((ABS(K19)^2)/('1D'!$I$5*MAX(F19, 0.1)^2), 1/3))), ($L$2)-E1396))), IF(OR(IFERROR(AD19, 0)>=1, IFERROR(AD20, 0)>=1), MAX('1D'!$D$16, MAX('1D'!$D$16, POWER((ABS(K19)^2)/('1D'!$I$5*MAX(F19, 0.1)^2), 1/3))), IF(ABS(IFERROR(AF19, 0))<'1D'!$D$19, MAX(MAX('1D'!$D$16, MAX('1D'!$D$16, POWER((ABS(K19)^2)/('1D'!$I$5*MAX(F19, 0.1)^2), 1/3))), IFERROR(W19, 0)), MAX(MAX('1D'!$D$16, MAX('1D'!$D$16, POWER((ABS(K19)^2)/('1D'!$I$5*MAX(F19, 0.1)^2), 1/3))), (IFERROR(W19, 0))+((IFERROR(AF19, 0))*'1D'!$D$18))))))) -> 1.8974051 | X19: =((F19)+(G19)*(W19))*(W19) -> 11.809449 | Y19: =(((F19)+(G19)*(W19))*(W19))/MAX((F19)+2*(W19)*SQRT(1+(G19)^2), 0.000001) -> 1.1787277 | Z19: =ABS(K19)/MAX(((F19)+(G19)*(W19))*(W19), 0.000001) -> 4.3143417 | AA19: =E19+W19 -> 636.17741 | AB19: =AA19+((ABS(K19)/MAX(((F19)+(G19)*(W19))*(W19), 0.000001))^2)/(2*'1D'!$I$5) -> 637.12611 | AC19: =((ABS(K19)*'1D'!$D$6)/(MAX(((F19)+(G19)*(W19))*(W19), 0.000001)*MAX(((((F19)+(G19)*(W19))*(W19))/MAX((F19)+2*(W19)*SQRT(1+(G19)^2), 0.000001))^(2/3), 0.000001)))^2 -> 0.0033635167 | AD19: =ABS(ABS(K19)/MAX(((F19)+(G19)*(W19))*(W19), 0.000001))/SQRT('1D'!$I$5*MAX((((F19)+(G19)*(W19))*(W19))/MAX((F19)+2*(G19)*(W19), 0.000001), 0.000001)) -> 1 | AE19: =((F19)*(W19)^2)/2+(G19)*(W19)^3/3+(ABS(K19)^2)/('1D'!$I$5*MAX(((F19)+(G19)*(W19))*(W19), 0.000001)) -> 33.610965 | AF19: =IF($A$2=0, 0, IFERROR(AB20+(((AC19+AC20)/2)*J20)+(IF(Z19>Z20, '1D'!$D$8*((Z19^2-Z20^2)/(2*'1D'!$I$5)), '1D'!$D$9*((Z20^2-Z19^2)/(2*'1D'!$I$5)))+('1D'!$D$10*(ABS(I20)/90)*(MAX(Z19^2, Z20^2)/(2*'1D'!$I$5))))-AB19, 0)) -> 0.0014489 | AG19: =IF($A$2=0, 1, IF(IFERROR(AG20, 0)=0, 0, IFERROR(IF(OR(ROUND(AD19, 3)>=1, AND(ABS(AF19)<'1D'!$D$19, AD19<1)), 1, 0), 0))) -> 1 | AH19: =IFERROR(IF('1D'!V32="Supercritical", MAX('1D'!$D$16, IFERROR(L19, MAX('1D'!$D$16, POWER((ABS(K19)^2)/('1D'!$I$5*MAX(F19, 0.1)^2), 1/3)))), IF('1D'!V32="Subcritical", MAX('1D'!$D$16, IFERROR(W19, MAX('1D'!$D$16, POWER((ABS(K19)^2)/('1D'!$I$5*MAX(F19, 0.1)^2), 1/3)))), IF(IFERROR(T19, -1E+99)>=IFERROR(AE19, -1E+99), MAX('1D'!$D$16, IFERROR(L19, MAX('1D'!$D$16, POWER((ABS(K19)^2)/('1D'!$I$5*MAX(F19, 0.1)^2), 1/3)))), MAX('1D'!$D$16, IFERROR(W19, MAX('1D'!$D$16, POWER((ABS(K19)^2)/('1D'!$I$5*MAX(F19, 0.1)^2), 1/3))))))), MAX('1D'!$D$16, POWER((ABS(K19)^2)/('1D'!$I$5*MAX(F19, 0.1)^2), 1/3))) -> 1.8974051 | AI19: =E19+AH19 -> 636.17741 | AJ19: =AI19+((ABS(K19)/MAX(((F19)+(G19)*(AH19))*(AH19), 0.000001))^2)/(2*'1D'!$I$5) -> 637.12611 | AM19: 0 | AN19: 0 | AO19: =AM19+AN19 -> 0 | AP19: =AP18+AO19 -> 0 | AQ19: =ABS(ABS(K19)/MAX(((F19)+(G19)*(AH19))*(AH19), 0.000001))/SQRT('1D'!$I$5*MAX((((F19)+(G19)*(AH19))*(AH19))/MAX((F19)+2*(G19)*(AH19), 0.000001), 0.000001)) -> 1 | AR19: =IF(AQ19<1, "Subcritical", "Supercritical") -> Supercritical | AS19: =((ABS(K19)*'1D'!$D$6)/(MAX(((F19)+(G19)*(AH19))*(AH19), 0.000001)*MAX(((((F19)+(G19)*(AH19))*(AH19))/MAX((F19)+2*(AH19)*SQRT(1+(G19)^2), 0.000001))^(2/3), 0.000001)))^2 -> 0.0033635167
A20: 11 | B20: 10 | C20: 616546.54 | D20: 3097757.2 | E20: 634.278 | F20: 6.224 | G20: 0 | H20: Normal | I20: 0.054 | J20: =B20-B19 -> 1 | K20: =MAX(0, K19-AO19) -> 50.95 | L20: =IF($A$2=0, IFERROR(L19, MAX('1D'!$D$16, POWER((ABS(K20)^2)/('1D'!$I$5*MAX(F20, 0.1)^2), 1/3))), IF(IFERROR(V19, 0)=0, IFERROR(L19, MAX('1D'!$D$16, POWER((ABS(K20)^2)/('1D'!$I$5*MAX(F20, 0.1)^2), 1/3))), IF(OR(IFERROR(L20, 0)=0, IFERROR(S19, 0)<1, IFERROR(S20, 0)<1), MAX('1D'!$D$16, POWER((ABS(K20)^2)/('1D'!$I$5*MAX(F20, 0.1)^2), 1/3)), IF(IFERROR(U20, 0)>0, MAX('1D'!$D$16, IFERROR(L20, 0)+((IFERROR(U20, 0))*'1D'!$D$18*IF((IFERROR(S20, 0))<1, 1, -1))), IF(IFERROR(U20, 0)<0, IF(ABS((MAX('1D'!$D$16, POWER((ABS(K20)^2)/('1D'!$I$5*MAX(F20, 0.1)^2), 1/3)))-IFERROR(L20, 0))>'1D'!$D$19, MAX('1D'!$D$16, IF((MAX('1D'!$D$16, POWER((ABS(K20)^2)/('1D'!$I$5*MAX(F20, 0.1)^2), 1/3)))>IFERROR(L20, 0), MIN((MAX('1D'!$D$16, POWER((ABS(K20)^2)/('1D'!$I$5*MAX(F20, 0.1)^2), 1/3))), IFERROR(L20, 0)+(MIN(ABS(IFERROR(U20, 0))*'1D'!$D$18, ABS((MAX('1D'!$D$16, POWER((ABS(K20)^2)/('1D'!$I$5*MAX(F20, 0.1)^2), 1/3)))-IFERROR(L20, 0))))), MAX((MAX('1D'!$D$16, POWER((ABS(K20)^2)/('1D'!$I$5*MAX(F20, 0.1)^2), 1/3))), IFERROR(L20, 0)-(MIN(ABS(IFERROR(U20, 0))*'1D'!$D$18, ABS((MAX('1D'!$D$16, POWER((ABS(K20)^2)/('1D'!$I$5*MAX(F20, 0.1)^2), 1/3)))-IFERROR(L20, 0))))))), MAX('1D'!$D$16, POWER((ABS(K20)^2)/('1D'!$I$5*MAX(F20, 0.1)^2), 1/3))), MAX('1D'!$D$16, IFERROR(L20, 0))))))) -> 1.8974051 | M20: =((F20)+(G20)*(L20))*(L20) -> 11.809449 | N20: =(((F20)+(G20)*(L20))*(L20))/MAX((F20)+2*(L20)*SQRT(1+(G20)^2), 0.000001) -> 1.1787277 | O20: =ABS(K20)/MAX(((F20)+(G20)*(L20))*(L20), 0.000001) -> 4.3143417 | P20: =E20+L20 -> 636.17541 | Q20: =P20+((ABS(K20)/MAX(((F20)+(G20)*(L20))*(L20), 0.000001))^2)/(2*'1D'!$I$5) -> 637.12411 | R20: =((ABS(K20)*'1D'!$D$6)/(MAX(((F20)+(G20)*(L20))*(L20), 0.000001)*MAX(((((F20)+(G20)*(L20))*(L20))/MAX((F20)+2*(L20)*SQRT(1+(G20)^2), 0.000001))^(2/3), 0.000001)))^2 -> 0.0033635167 | S20: =ABS(ABS(K20)/MAX(((F20)+(G20)*(L20))*(L20), 0.000001))/SQRT('1D'!$I$5*MAX((((F20)+(G20)*(L20))*(L20))/MAX((F20)+2*(G20)*(L20), 0.000001), 0.000001)) -> 1 | T20: =((F20)*(L20)^2)/2+(G20)*(L20)^3/3+(ABS(K20)^2)/('1D'!$I$5*MAX(((F20)+(G20)*(L20))*(L20), 0.000001)) -> 33.610965 | U20: =IF($A$2=0, 0, IFERROR(Q19-(((R19+R20)/2)*J20)-(IF(O19>O20, '1D'!$D$8*((O19^2-O20^2)/(2*'1D'!$I$5)), '1D'!$D$9*((O20^2-O19^2)/(2*'1D'!$I$5)))+('1D'!$D$10*(ABS(I20)/90)*(MAX(O19^2, O20^2)/(2*'1D'!$I$5))))-Q20, 0)) -> -0.0014489 | V20: =IF($A$2=0, 1, IF(IFERROR(V19, 0)=0, 0, IFERROR(IF(ROUND(S20, 3)=1, 1, IF(AND(ABS(U20)<'1D'!$D$19, S20>1), 1, 0)), 0))) -> 1 | W20: =IF($A$2=0, MAX(MAX('1D'!$D$16, MAX('1D'!$D$16, POWER((ABS(K20)^2)/('1D'!$I$5*MAX(F20, 0.1)^2), 1/3))), IFERROR(W1396, MAX(MAX('1D'!$D$16, MAX('1D'!$D$16, POWER((ABS(K20)^2)/('1D'!$I$5*MAX(F20, 0.1)^2), 1/3))), ($L$2)-E1396))), IF(IFERROR(AG21, 0)=0, MAX(MAX('1D'!$D$16, MAX('1D'!$D$16, POWER((ABS(K20)^2)/('1D'!$I$5*MAX(F20, 0.1)^2), 1/3))), IFERROR(W1396, MAX(MAX('1D'!$D$16, MAX('1D'!$D$16, POWER((ABS(K20)^2)/('1D'!$I$5*MAX(F20, 0.1)^2), 1/3))), ($L$2)-E1396))), IF(IFERROR(W20, 0)=0, MAX(MAX('1D'!$D$16, MAX('1D'!$D$16, POWER((ABS(K20)^2)/('1D'!$I$5*MAX(F20, 0.1)^2), 1/3))), IFERROR(W1396, MAX(MAX('1D'!$D$16, MAX('1D'!$D$16, POWER((ABS(K20)^2)/('1D'!$I$5*MAX(F20, 0.1)^2), 1/3))), ($L$2)-E1396))), IF(OR(IFERROR(AD20, 0)>=1, IFERROR(AD21, 0)>=1), MAX('1D'!$D$16, MAX('1D'!$D$16, POWER((ABS(K20)^2)/('1D'!$I$5*MAX(F20, 0.1)^2), 1/3))), IF(ABS(IFERROR(AF20, 0))<'1D'!$D$19, MAX(MAX('1D'!$D$16, MAX('1D'!$D$16, POWER((ABS(K20)^2)/('1D'!$I$5*MAX(F20, 0.1)^2), 1/3))), IFERROR(W20, 0)), MAX(MAX('1D'!$D$16, MAX('1D'!$D$16, POWER((ABS(K20)^2)/('1D'!$I$5*MAX(F20, 0.1)^2), 1/3))), (IFERROR(W20, 0))+((IFERROR(AF20, 0))*'1D'!$D$18))))))) -> 1.8974051 | X20: =((F20)+(G20)*(W20))*(W20) -> 11.809449 | Y20: =(((F20)+(G20)*(W20))*(W20))/MAX((F20)+2*(W20)*SQRT(1+(G20)^2), 0.000001) -> 1.1787277 | Z20: =ABS(K20)/MAX(((F20)+(G20)*(W20))*(W20), 0.000001) -> 4.3143417 | AA20: =E20+W20 -> 636.17541 | AB20: =AA20+((ABS(K20)/MAX(((F20)+(G20)*(W20))*(W20), 0.000001))^2)/(2*'1D'!$I$5) -> 637.12411 | AC20: =((ABS(K20)*'1D'!$D$6)/(MAX(((F20)+(G20)*(W20))*(W20), 0.000001)*MAX(((((F20)+(G20)*(W20))*(W20))/MAX((F20)+2*(W20)*SQRT(1+(G20)^2), 0.000001))^(2/3), 0.000001)))^2 -> 0.0033635167 | AD20: =ABS(ABS(K20)/MAX(((F20)+(G20)*(W20))*(W20), 0.000001))/SQRT('1D'!$I$5*MAX((((F20)+(G20)*(W20))*(W20))/MAX((F20)+2*(G20)*(W20), 0.000001), 0.000001)) -> 1 | AE20: =((F20)*(W20)^2)/2+(G20)*(W20)^3/3+(ABS(K20)^2)/('1D'!$I$5*MAX(((F20)+(G20)*(W20))*(W20), 0.000001)) -> 33.610965 | AF20: =IF($A$2=0, 0, IFERROR(AB21+(((AC20+AC21)/2)*J21)+(IF(Z20>Z21, '1D'!$D$8*((Z20^2-Z21^2)/(2*'1D'!$I$5)), '1D'!$D$9*((Z21^2-Z20^2)/(2*'1D'!$I$5)))+('1D'!$D$10*(ABS(I21)/90)*(MAX(Z20^2, Z21^2)/(2*'1D'!$I$5))))-AB20, 0)) -> 0.074240265 | AG20: =IF($A$2=0, 1, IF(IFERROR(AG21, 0)=0, 0, IFERROR(IF(OR(ROUND(AD20, 3)>=1, AND(ABS(AF20)<'1D'!$D$19, AD20<1)), 1, 0), 0))) -> 1 | AH20: =IFERROR(IF('1D'!V32="Supercritical", MAX('1D'!$D$16, IFERROR(L20, MAX('1D'!$D$16, POWER((ABS(K20)^2)/('1D'!$I$5*MAX(F20, 0.1)^2), 1/3)))), IF('1D'!V32="Subcritical", MAX('1D'!$D$16, IFERROR(W20, MAX('1D'!$D$16, POWER((ABS(K20)^2)/('1D'!$I$5*MAX(F20, 0.1)^2), 1/3)))), IF(IFERROR(T20, -1E+99)>=IFERROR(AE20, -1E+99), MAX('1D'!$D$16, IFERROR(L20, MAX('1D'!$D$16, POWER((ABS(K20)^2)/('1D'!$I$5*MAX(F20, 0.1)^2), 1/3)))), MAX('1D'!$D$16, IFERROR(W20, MAX('1D'!$D$16, POWER((ABS(K20)^2)/('1D'!$I$5*MAX(F20, 0.1)^2), 1/3))))))), MAX('1D'!$D$16, POWER((ABS(K20)^2)/('1D'!$I$5*MAX(F20, 0.1)^2), 1/3))) -> 1.8974051 | AI20: =E20+AH20 -> 636.17541 | AJ20: =AI20+((ABS(K20)/MAX(((F20)+(G20)*(AH20))*(AH20), 0.000001))^2)/(2*'1D'!$I$5) -> 637.12411 | AM20: 0 | AN20: 0 | AO20: =AM20+AN20 -> 0 | AP20: =AP19+AO20 -> 0 | AQ20: =ABS(ABS(K20)/MAX(((F20)+(G20)*(AH20))*(AH20), 0.000001))/SQRT('1D'!$I$5*MAX((((F20)+(G20)*(AH20))*(AH20))/MAX((F20)+2*(G20)*(AH20), 0.000001), 0.000001)) -> 1 | AR20: =IF(AQ20<1, "Subcritical", "Supercritical") -> Supercritical | AS20: =((ABS(K20)*'1D'!$D$6)/(MAX(((F20)+(G20)*(AH20))*(AH20), 0.000001)*MAX(((((F20)+(G20)*(AH20))*(AH20))/MAX((F20)+2*(AH20)*SQRT(1+(G20)^2), 0.000001))^(2/3), 0.000001)))^2 -> 0.0033635167
A21: 12 | B21: 11 | C21: 616545.6 | D21: 3097756.9 | E21: 634.276 | F21: 6 | G21: 0 | H21: Normal | I21: 0.054 | J21: =B21-B20 -> 1 | K21: =MAX(0, K20-AO20) -> 50.95 | L21: =IF($A$2=0, IFERROR(L20, MAX('1D'!$D$16, POWER((ABS(K21)^2)/('1D'!$I$5*MAX(F21, 0.1)^2), 1/3))), IF(IFERROR(V20, 0)=0, IFERROR(L20, MAX('1D'!$D$16, POWER((ABS(K21)^2)/('1D'!$I$5*MAX(F21, 0.1)^2), 1/3))), IF(OR(IFERROR(L21, 0)=0, IFERROR(S20, 0)<1, IFERROR(S21, 0)<1), MAX('1D'!$D$16, POWER((ABS(K21)^2)/('1D'!$I$5*MAX(F21, 0.1)^2), 1/3)), IF(IFERROR(U21, 0)>0, MAX('1D'!$D$16, IFERROR(L21, 0)+((IFERROR(U21, 0))*'1D'!$D$18*IF((IFERROR(S21, 0))<1, 1, -1))), IF(IFERROR(U21, 0)<0, IF(ABS((MAX('1D'!$D$16, POWER((ABS(K21)^2)/('1D'!$I$5*MAX(F21, 0.1)^2), 1/3)))-IFERROR(L21, 0))>'1D'!$D$19, MAX('1D'!$D$16, IF((MAX('1D'!$D$16, POWER((ABS(K21)^2)/('1D'!$I$5*MAX(F21, 0.1)^2), 1/3)))>IFERROR(L21, 0), MIN((MAX('1D'!$D$16, POWER((ABS(K21)^2)/('1D'!$I$5*MAX(F21, 0.1)^2), 1/3))), IFERROR(L21, 0)+(MIN(ABS(IFERROR(U21, 0))*'1D'!$D$18, ABS((MAX('1D'!$D$16, POWER((ABS(K21)^2)/('1D'!$I$5*MAX(F21, 0.1)^2), 1/3)))-IFERROR(L21, 0))))), MAX((MAX('1D'!$D$16, POWER((ABS(K21)^2)/('1D'!$I$5*MAX(F21, 0.1)^2), 1/3))), IFERROR(L21, 0)-(MIN(ABS(IFERROR(U21, 0))*'1D'!$D$18, ABS((MAX('1D'!$D$16, POWER((ABS(K21)^2)/('1D'!$I$5*MAX(F21, 0.1)^2), 1/3)))-IFERROR(L21, 0))))))), MAX('1D'!$D$16, POWER((ABS(K21)^2)/('1D'!$I$5*MAX(F21, 0.1)^2), 1/3))), MAX('1D'!$D$16, IFERROR(L21, 0))))))) -> 1.9443404 | M21: =((F21)+(G21)*(L21))*(L21) -> 11.666042 | N21: =(((F21)+(G21)*(L21))*(L21))/MAX((F21)+2*(L21)*SQRT(1+(G21)^2), 0.000001) -> 1.179737 | O21: =ABS(K21)/MAX(((F21)+(G21)*(L21))*(L21), 0.000001) -> 4.3673767 | P21: =E21+L21 -> 636.22034 | Q21: =P21+((ABS(K21)/MAX(((F21)+(G21)*(L21))*(L21), 0.000001))^2)/(2*'1D'!$I$5) -> 637.19251 | R21: =((ABS(K21)*'1D'!$D$6)/(MAX(((F21)+(G21)*(L21))*(L21), 0.000001)*MAX(((((F21)+(G21)*(L21))*(L21))/MAX((F21)+2*(L21)*SQRT(1+(G21)^2), 0.000001))^(2/3), 0.000001)))^2 -> 0.0034427876 | S21: =ABS(ABS(K21)/MAX(((F21)+(G21)*(L21))*(L21), 0.000001))/SQRT('1D'!$I$5*MAX((((F21)+(G21)*(L21))*(L21))/MAX((F21)+2*(G21)*(L21), 0.000001), 0.000001)) -> 1 | T21: =((F21)*(L21)^2)/2+(G21)*(L21)^3/3+(ABS(K21)^2)/('1D'!$I$5*MAX(((F21)+(G21)*(L21))*(L21), 0.000001)) -> 34.024135 | U21: =IF($A$2=0, 0, IFERROR(Q20-(((R20+R21)/2)*J21)-(IF(O20>O21, '1D'!$D$8*((O20^2-O21^2)/(2*'1D'!$I$5)), '1D'!$D$9*((O21^2-O20^2)/(2*'1D'!$I$5)))+('1D'!$D$10*(ABS(I21)/90)*(MAX(O20^2, O21^2)/(2*'1D'!$I$5))))-Q21, 0)) -> -0.074240265 | V21: =IF($A$2=0, 1, IF(IFERROR(V20, 0)=0, 0, IFERROR(IF(ROUND(S21, 3)=1, 1, IF(AND(ABS(U21)<'1D'!$D$19, S21>1), 1, 0)), 0))) -> 1 | W21: =IF($A$2=0, MAX(MAX('1D'!$D$16, MAX('1D'!$D$16, POWER((ABS(K21)^2)/('1D'!$I$5*MAX(F21, 0.1)^2), 1/3))), IFERROR(W1396, MAX(MAX('1D'!$D$16, MAX('1D'!$D$16, POWER((ABS(K21)^2)/('1D'!$I$5*MAX(F21, 0.1)^2), 1/3))), ($L$2)-E1396))), IF(IFERROR(AG22, 0)=0, MAX(MAX('1D'!$D$16, MAX('1D'!$D$16, POWER((ABS(K21)^2)/('1D'!$I$5*MAX(F21, 0.1)^2), 1/3))), IFERROR(W1396, MAX(MAX('1D'!$D$16, MAX('1D'!$D$16, POWER((ABS(K21)^2)/('1D'!$I$5*MAX(F21, 0.1)^2), 1/3))), ($L$2)-E1396))), IF(IFERROR(W21, 0)=0, MAX(MAX('1D'!$D$16, MAX('1D'!$D$16, POWER((ABS(K21)^2)/('1D'!$I$5*MAX(F21, 0.1)^2), 1/3))), IFERROR(W1396, MAX(MAX('1D'!$D$16, MAX('1D'!$D$16, POWER((ABS(K21)^2)/('1D'!$I$5*MAX(F21, 0.1)^2), 1/3))), ($L$2)-E1396))), IF(OR(IFERROR(AD21, 0)>=1, IFERROR(AD22, 0)>=1), MAX('1D'!$D$16, MAX('1D'!$D$16, POWER((ABS(K21)^2)/('1D'!$I$5*MAX(F21, 0.1)^2), 1/3))), IF(ABS(IFERROR(AF21, 0))<'1D'!$D$19, MAX(MAX('1D'!$D$16, MAX('1D'!$D$16, POWER((ABS(K21)^2)/('1D'!$I$5*MAX(F21, 0.1)^2), 1/3))), IFERROR(W21, 0)), MAX(MAX('1D'!$D$16, MAX('1D'!$D$16, POWER((ABS(K21)^2)/('1D'!$I$5*MAX(F21, 0.1)^2), 1/3))), (IFERROR(W21, 0))+((IFERROR(AF21, 0))*'1D'!$D$18))))))) -> 1.9443404 | X21: =((F21)+(G21)*(W21))*(W21) -> 11.666042 | Y21: =(((F21)+(G21)*(W21))*(W21))/MAX((F21)+2*(W21)*SQRT(1+(G21)^2), 0.000001) -> 1.179737 | Z21: =ABS(K21)/MAX(((F21)+(G21)*(W21))*(W21), 0.000001) -> 4.3673767 | AA21: =E21+W21 -> 636.22034 | AB21: =AA21+((ABS(K21)/MAX(((F21)+(G21)*(W21))*(W21), 0.000001))^2)/(2*'1D'!$I$5) -> 637.19251 | AC21: =((ABS(K21)*'1D'!$D$6)/(MAX(((F21)+(G21)*(W21))*(W21), 0.000001)*MAX(((((F21)+(G21)*(W21))*(W21))/MAX((F21)+2*(W21)*SQRT(1+(G21)^2), 0.000001))^(2/3), 0.000001)))^2 -> 0.0034427876 | AD21: =ABS(ABS(K21)/MAX(((F21)+(G21)*(W21))*(W21), 0.000001))/SQRT('1D'!$I$5*MAX((((F21)+(G21)*(W21))*(W21))/MAX((F21)+2*(G21)*(W21), 0.000001), 0.000001)) -> 1 | AE21: =((F21)*(W21)^2)/2+(G21)*(W21)^3/3+(ABS(K21)^2)/('1D'!$I$5*MAX(((F21)+(G21)*(W21))*(W21), 0.000001)) -> 34.024135 | AF21: =IF($A$2=0, 0, IFERROR(AB22+(((AC21+AC22)/2)*J22)+(IF(Z21>Z22, '1D'!$D$8*((Z21^2-Z22^2)/(2*'1D'!$I$5)), '1D'!$D$9*((Z22^2-Z21^2)/(2*'1D'!$I$5)))+('1D'!$D$10*(ABS(I22)/90)*(MAX(Z21^2, Z22^2)/(2*'1D'!$I$5))))-AB21, 0)) -> 0.0014427876 | AG21: =IF($A$2=0, 1, IF(IFERROR(AG22, 0)=0, 0, IFERROR(IF(OR(ROUND(AD21, 3)>=1, AND(ABS(AF21)<'1D'!$D$19, AD21<1)), 1, 0), 0))) -> 1 | AH21: =IFERROR(IF('1D'!V32="Supercritical", MAX('1D'!$D$16, IFERROR(L21, MAX('1D'!$D$16, POWER((ABS(K21)^2)/('1D'!$I$5*MAX(F21, 0.1)^2), 1/3)))), IF('1D'!V32="Subcritical", MAX('1D'!$D$16, IFERROR(W21, MAX('1D'!$D$16, POWER((ABS(K21)^2)/('1D'!$I$5*MAX(F21, 0.1)^2), 1/3)))), IF(IFERROR(T21, -1E+99)>=IFERROR(AE21, -1E+99), MAX('1D'!$D$16, IFERROR(L21, MAX('1D'!$D$16, POWER((ABS(K21)^2)/('1D'!$I$5*MAX(F21, 0.1)^2), 1/3)))), MAX('1D'!$D$16, IFERROR(W21, MAX('1D'!$D$16, POWER((ABS(K21)^2)/('1D'!$I$5*MAX(F21, 0.1)^2), 1/3))))))), MAX('1D'!$D$16, POWER((ABS(K21)^2)/('1D'!$I$5*MAX(F21, 0.1)^2), 1/3))) -> 1.9443404 | AI21: =E21+AH21 -> 636.22034 | AJ21: =AI21+((ABS(K21)/MAX(((F21)+(G21)*(AH21))*(AH21), 0.000001))^2)/(2*'1D'!$I$5) -> 637.19251 | AM21: 0 | AN21: 0 | AO21: =AM21+AN21 -> 0 | AP21: =AP20+AO21 -> 0 | AQ21: =ABS(ABS(K21)/MAX(((F21)+(G21)*(AH21))*(AH21), 0.000001))/SQRT('1D'!$I$5*MAX((((F21)+(G21)*(AH21))*(AH21))/MAX((F21)+2*(G21)*(AH21), 0.000001), 0.000001)) -> 1 | AR21: =IF(AQ21<1, "Subcritical", "Supercritical") -> Supercritical | AS21: =((ABS(K21)*'1D'!$D$6)/(MAX(((F21)+(G21)*(AH21))*(AH21), 0.000001)*MAX(((((F21)+(G21)*(AH21))*(AH21))/MAX((F21)+2*(AH21)*SQRT(1+(G21)^2), 0.000001))^(2/3), 0.000001)))^2 -> 0.0034427876
A22: 13 | B22: 12 | C22: 616544.65 | D22: 3097756.6 | E22: 634.274 | F22: 6 | G22: 0 | H22: Normal | I22: 0 | J22: =B22-B21 -> 1 | K22: =MAX(0, K21-AO21) -> 50.95 | L22: =IF($A$2=0, IFERROR(L21, MAX('1D'!$D$16, POWER((ABS(K22)^2)/('1D'!$I$5*MAX(F22, 0.1)^2), 1/3))), IF(IFERROR(V21, 0)=0, IFERROR(L21, MAX('1D'!$D$16, POWER((ABS(K22)^2)/('1D'!$I$5*MAX(F22, 0.1)^2), 1/3))), IF(OR(IFERROR(L22, 0)=0, IFERROR(S21, 0)<1, IFERROR(S22, 0)<1), MAX('1D'!$D$16, POWER((ABS(K22)^2)/('1D'!$I$5*MAX(F22, 0.1)^2), 1/3)), IF(IFERROR(U22, 0)>0, MAX('1D'!$D$16, IFERROR(L22, 0)+((IFERROR(U22, 0))*'1D'!$D$18*IF((IFERROR(S22, 0))<1, 1, -1))), IF(IFERROR(U22, 0)<0, IF(ABS((MAX('1D'!$D$16, POWER((ABS(K22)^2)/('1D'!$I$5*MAX(F22, 0.1)^2), 1/3)))-IFERROR(L22, 0))>'1D'!$D$19, MAX('1D'!$D$16, IF((MAX('1D'!$D$16, POWER((ABS(K22)^2)/('1D'!$I$5*MAX(F22, 0.1)^2), 1/3)))>IFERROR(L22, 0), MIN((MAX('1D'!$D$16, POWER((ABS(K22)^2)/('1D'!$I$5*MAX(F22, 0.1)^2), 1/3))), IFERROR(L22, 0)+(MIN(ABS(IFERROR(U22, 0))*'1D'!$D$18, ABS((MAX('1D'!$D$16, POWER((ABS(K22)^2)/('1D'!$I$5*MAX(F22, 0.1)^2), 1/3)))-IFERROR(L22, 0))))), MAX((MAX('1D'!$D$16, POWER((ABS(K22)^2)/('1D'!$I$5*MAX(F22, 0.1)^2), 1/3))), IFERROR(L22, 0)-(MIN(ABS(IFERROR(U22, 0))*'1D'!$D$18, ABS((MAX('1D'!$D$16, POWER((ABS(K22)^2)/('1D'!$I$5*MAX(F22, 0.1)^2), 1/3)))-IFERROR(L22, 0))))))), MAX('1D'!$D$16, POWER((ABS(K22)^2)/('1D'!$I$5*MAX(F22, 0.1)^2), 1/3))), MAX('1D'!$D$16, IFERROR(L22, 0))))))) -> 1.9443404 | M22: =((F22)+(G22)*(L22))*(L22) -> 11.666042 | N22: =(((F22)+(G22)*(L22))*(L22))/MAX((F22)+2*(L22)*SQRT(1+(G22)^2), 0.000001) -> 1.179737 | O22: =ABS(K22)/MAX(((F22)+(G22)*(L22))*(L22), 0.000001) -> 4.3673767 | P22: =E22+L22 -> 636.21834 | Q22: =P22+((ABS(K22)/MAX(((F22)+(G22)*(L22))*(L22), 0.000001))^2)/(2*'1D'!$I$5) -> 637.19051 | R22: =((ABS(K22)*'1D'!$D$6)/(MAX(((F22)+(G22)*(L22))*(L22), 0.000001)*MAX(((((F22)+(G22)*(L22))*(L22))/MAX((F22)+2*(L22)*SQRT(1+(G22)^2), 0.000001))^(2/3), 0.000001)))^2 -> 0.0034427876 | S22: =ABS(ABS(K22)/MAX(((F22)+(G22)*(L22))*(L22), 0.000001))/SQRT('1D'!$I$5*MAX((((F22)+(G22)*(L22))*(L22))/MAX((F22)+2*(G22)*(L22), 0.000001), 0.000001)) -> 1 | T22: =((F22)*(L22)^2)/2+(G22)*(L22)^3/3+(ABS(K22)^2)/('1D'!$I$5*MAX(((F22)+(G22)*(L22))*(L22), 0.000001)) -> 34.024135 | U22: =IF($A$2=0, 0, IFERROR(Q21-(((R21+R22)/2)*J22)-(IF(O21>O22, '1D'!$D$8*((O21^2-O22^2)/(2*'1D'!$I$5)), '1D'!$D$9*((O22^2-O21^2)/(2*'1D'!$I$5)))+('1D'!$D$10*(ABS(I22)/90)*(MAX(O21^2, O22^2)/(2*'1D'!$I$5))))-Q22, 0)) -> -0.0014427876 | V22: =IF($A$2=0, 1, IF(IFERROR(V21, 0)=0, 0, IFERROR(IF(ROUND(S22, 3)=1, 1, IF(AND(ABS(U22)<'1D'!$D$19, S22>1), 1, 0)), 0))) -> 1 | W22: =IF($A$2=0, MAX(MAX('1D'!$D$16, MAX('1D'!$D$16, POWER((ABS(K22)^2)/('1D'!$I$5*MAX(F22, 0.1)^2), 1/3))), IFERROR(W1396, MAX(MAX('1D'!$D$16, MAX('1D'!$D$16, POWER((ABS(K22)^2)/('1D'!$I$5*MAX(F22, 0.1)^2), 1/3))), ($L$2)-E1396))), IF(IFERROR(AG23, 0)=0, MAX(MAX('1D'!$D$16, MAX('1D'!$D$16, POWER((ABS(K22)^2)/('1D'!$I$5*MAX(F22, 0.1)^2), 1/3))), IFERROR(W1396, MAX(MAX('1D'!$D$16, MAX('1D'!$D$16, POWER((ABS(K22)^2)/('1D'!$I$5*MAX(F22, 0.1)^2), 1/3))), ($L$2)-E1396))), IF(IFERROR(W22, 0)=0, MAX(MAX('1D'!$D$16, MAX('1D'!$D$16, POWER((ABS(K22)^2)/('1D'!$I$5*MAX(F22, 0.1)^2), 1/3))), IFERROR(W1396, MAX(MAX('1D'!$D$16, MAX('1D'!$D$16, POWER((ABS(K22)^2)/('1D'!$I$5*MAX(F22, 0.1)^2), 1/3))), ($L$2)-E1396))), IF(OR(IFERROR(AD22, 0)>=1, IFERROR(AD23, 0)>=1), MAX('1D'!$D$16, MAX('1D'!$D$16, POWER((ABS(K22)^2)/('1D'!$I$5*MAX(F22, 0.1)^2), 1/3))), IF(ABS(IFERROR(AF22, 0))<'1D'!$D$19, MAX(MAX('1D'!$D$16, MAX('1D'!$D$16, POWER((ABS(K22)^2)/('1D'!$I$5*MAX(F22, 0.1)^2), 1/3))), IFERROR(W22, 0)), MAX(MAX('1D'!$D$16, MAX('1D'!$D$16, POWER((ABS(K22)^2)/('1D'!$I$5*MAX(F22, 0.1)^2), 1/3))), (IFERROR(W22, 0))+((IFERROR(AF22, 0))*'1D'!$D$18))))))) -> 1.9443404 | X22: =((F22)+(G22)*(W22))*(W22) -> 11.666042 | Y22: =(((F22)+(G22)*(W22))*(W22))/MAX((F22)+2*(W22)*SQRT(1+(G22)^2), 0.000001) -> 1.179737 | Z22: =ABS(K22)/MAX(((F22)+(G22)*(W22))*(W22), 0.000001) -> 4.3673767 | AA22: =E22+W22 -> 636.21834 | AB22: =AA22+((ABS(K22)/MAX(((F22)+(G22)*(W22))*(W22), 0.000001))^2)/(2*'1D'!$I$5) -> 637.19051 | AC22: =((ABS(K22)*'1D'!$D$6)/(MAX(((F22)+(G22)*(W22))*(W22), 0.000001)*MAX(((((F22)+(G22)*(W22))*(W22))/MAX((F22)+2*(W22)*SQRT(1+(G22)^2), 0.000001))^(2/3), 0.000001)))^2 -> 0.0034427876 | AD22: =ABS(ABS(K22)/MAX(((F22)+(G22)*(W22))*(W22), 0.000001))/SQRT('1D'!$I$5*MAX((((F22)+(G22)*(W22))*(W22))/MAX((F22)+2*(G22)*(W22), 0.000001), 0.000001)) -> 1 | AE22: =((F22)*(W22)^2)/2+(G22)*(W22)^3/3+(ABS(K22)^2)/('1D'!$I$5*MAX(((F22)+(G22)*(W22))*(W22), 0.000001)) -> 34.024135 | AF22: =IF($A$2=0, 0, IFERROR(AB23+(((AC22+AC23)/2)*J23)+(IF(Z22>Z23, '1D'!$D$8*((Z22^2-Z23^2)/(2*'1D'!$I$5)), '1D'!$D$9*((Z23^2-Z22^2)/(2*'1D'!$I$5)))+('1D'!$D$10*(ABS(I23)/90)*(MAX(Z22^2, Z23^2)/(2*'1D'!$I$5))))-AB22, 0)) -> 0.0014427876 | AG22: =IF($A$2=0, 1, IF(IFERROR(AG23, 0)=0, 0, IFERROR(IF(OR(ROUND(AD22, 3)>=1, AND(ABS(AF22)<'1D'!$D$19, AD22<1)), 1, 0), 0))) -> 1 | AH22: =IFERROR(IF('1D'!V32="Supercritical", MAX('1D'!$D$16, IFERROR(L22, MAX('1D'!$D$16, POWER((ABS(K22)^2)/('1D'!$I$5*MAX(F22, 0.1)^2), 1/3)))), IF('1D'!V32="Subcritical", MAX('1D'!$D$16, IFERROR(W22, MAX('1D'!$D$16, POWER((ABS(K22)^2)/('1D'!$I$5*MAX(F22, 0.1)^2), 1/3)))), IF(IFERROR(T22, -1E+99)>=IFERROR(AE22, -1E+99), MAX('1D'!$D$16, IFERROR(L22, MAX('1D'!$D$16, POWER((ABS(K22)^2)/('1D'!$I$5*MAX(F22, 0.1)^2), 1/3)))), MAX('1D'!$D$16, IFERROR(W22, MAX('1D'!$D$16, POWER((ABS(K22)^2)/('1D'!$I$5*MAX(F22, 0.1)^2), 1/3))))))), MAX('1D'!$D$16, POWER((ABS(K22)^2)/('1D'!$I$5*MAX(F22, 0.1)^2), 1/3))) -> 1.9443404 | AI22: =E22+AH22 -> 636.21834 | AJ22: =AI22+((ABS(K22)/MAX(((F22)+(G22)*(AH22))*(AH22), 0.000001))^2)/(2*'1D'!$I$5) -> 637.19051 | AM22: 0 | AN22: 0 | AO22: =AM22+AN22 -> 0 | AP22: =AP21+AO22 -> 0 | AQ22: =ABS(ABS(K22)/MAX(((F22)+(G22)*(AH22))*(AH22), 0.000001))/SQRT('1D'!$I$5*MAX((((F22)+(G22)*(AH22))*(AH22))/MAX((F22)+2*(G22)*(AH22), 0.000001), 0.000001)) -> 1 | AR22: =IF(AQ22<1, "Subcritical", "Supercritical") -> Supercritical | AS22: =((ABS(K22)*'1D'!$D$6)/(MAX(((F22)+(G22)*(AH22))*(AH22), 0.000001)*MAX(((((F22)+(G22)*(AH22))*(AH22))/MAX((F22)+2*(AH22)*SQRT(1+(G22)^2), 0.000001))^(2/3), 0.000001)))^2 -> 0.0034427876
A23: 14 | B23: 13 | C23: 616543.7 | D23: 3097756.3 | E23: 634.272 | F23: 6 | G23: 0 | H23: Normal | I23: 0 | J23: =B23-B22 -> 1 | K23: =MAX(0, K22-AO22) -> 50.95 | L23: =IF($A$2=0, IFERROR(L22, MAX('1D'!$D$16, POWER((ABS(K23)^2)/('1D'!$I$5*MAX(F23, 0.1)^2), 1/3))), IF(IFERROR(V22, 0)=0, IFERROR(L22, MAX('1D'!$D$16, POWER((ABS(K23)^2)/('1D'!$I$5*MAX(F23, 0.1)^2), 1/3))), IF(OR(IFERROR(L23, 0)=0, IFERROR(S22, 0)<1, IFERROR(S23, 0)<1), MAX('1D'!$D$16, POWER((ABS(K23)^2)/('1D'!$I$5*MAX(F23, 0.1)^2), 1/3)), IF(IFERROR(U23, 0)>0, MAX('1D'!$D$16, IFERROR(L23, 0)+((IFERROR(U23, 0))*'1D'!$D$18*IF((IFERROR(S23, 0))<1, 1, -1))), IF(IFERROR(U23, 0)<0, IF(ABS((MAX('1D'!$D$16, POWER((ABS(K23)^2)/('1D'!$I$5*MAX(F23, 0.1)^2), 1/3)))-IFERROR(L23, 0))>'1D'!$D$19, MAX('1D'!$D$16, IF((MAX('1D'!$D$16, POWER((ABS(K23)^2)/('1D'!$I$5*MAX(F23, 0.1)^2), 1/3)))>IFERROR(L23, 0), MIN((MAX('1D'!$D$16, POWER((ABS(K23)^2)/('1D'!$I$5*MAX(F23, 0.1)^2), 1/3))), IFERROR(L23, 0)+(MIN(ABS(IFERROR(U23, 0))*'1D'!$D$18, ABS((MAX('1D'!$D$16, POWER((ABS(K23)^2)/('1D'!$I$5*MAX(F23, 0.1)^2), 1/3)))-IFERROR(L23, 0))))), MAX((MAX('1D'!$D$16, POWER((ABS(K23)^2)/('1D'!$I$5*MAX(F23, 0.1)^2), 1/3))), IFERROR(L23, 0)-(MIN(ABS(IFERROR(U23, 0))*'1D'!$D$18, ABS((MAX('1D'!$D$16, POWER((ABS(K23)^2)/('1D'!$I$5*MAX(F23, 0.1)^2), 1/3)))-IFERROR(L23, 0))))))), MAX('1D'!$D$16, POWER((ABS(K23)^2)/('1D'!$I$5*MAX(F23, 0.1)^2), 1/3))), MAX('1D'!$D$16, IFERROR(L23, 0))))))) -> 1.9443404 | M23: =((F23)+(G23)*(L23))*(L23) -> 11.666042 | N23: =(((F23)+(G23)*(L23))*(L23))/MAX((F23)+2*(L23)*SQRT(1+(G23)^2), 0.000001) -> 1.179737 | O23: =ABS(K23)/MAX(((F23)+(G23)*(L23))*(L23), 0.000001) -> 4.3673767 | P23: =E23+L23 -> 636.21634 | Q23: =P23+((ABS(K23)/MAX(((F23)+(G23)*(L23))*(L23), 0.000001))^2)/(2*'1D'!$I$5) -> 637.18851 | R23: =((ABS(K23)*'1D'!$D$6)/(MAX(((F23)+(G23)*(L23))*(L23), 0.000001)*MAX(((((F23)+(G23)*(L23))*(L23))/MAX((F23)+2*(L23)*SQRT(1+(G23)^2), 0.000001))^(2/3), 0.000001)))^2 -> 0.0034427876 | S23: =ABS(ABS(K23)/MAX(((F23)+(G23)*(L23))*(L23), 0.000001))/SQRT('1D'!$I$5*MAX((((F23)+(G23)*(L23))*(L23))/MAX((F23)+2*(G23)*(L23), 0.000001), 0.000001)) -> 1 | T23: =((F23)*(L23)^2)/2+(G23)*(L23)^3/3+(ABS(K23)^2)/('1D'!$I$5*MAX(((F23)+(G23)*(L23))*(L23), 0.000001)) -> 34.024135 | U23: =IF($A$2=0, 0, IFERROR(Q22-(((R22+R23)/2)*J23)-(IF(O22>O23, '1D'!$D$8*((O22^2-O23^2)/(2*'1D'!$I$5)), '1D'!$D$9*((O23^2-O22^2)/(2*'1D'!$I$5)))+('1D'!$D$10*(ABS(I23)/90)*(MAX(O22^2, O23^2)/(2*'1D'!$I$5))))-Q23, 0)) -> -0.0014427876 | V23: =IF($A$2=0, 1, IF(IFERROR(V22, 0)=0, 0, IFERROR(IF(ROUND(S23, 3)=1, 1, IF(AND(ABS(U23)<'1D'!$D$19, S23>1), 1, 0)), 0))) -> 1 | W23: =IF($A$2=0, MAX(MAX('1D'!$D$16, MAX('1D'!$D$16, POWER((ABS(K23)^2)/('1D'!$I$5*MAX(F23, 0.1)^2), 1/3))), IFERROR(W1396, MAX(MAX('1D'!$D$16, MAX('1D'!$D$16, POWER((ABS(K23)^2)/('1D'!$I$5*MAX(F23, 0.1)^2), 1/3))), ($L$2)-E1396))), IF(IFERROR(AG24, 0)=0, MAX(MAX('1D'!$D$16, MAX('1D'!$D$16, POWER((ABS(K23)^2)/('1D'!$I$5*MAX(F23, 0.1)^2), 1/3))), IFERROR(W1396, MAX(MAX('1D'!$D$16, MAX('1D'!$D$16, POWER((ABS(K23)^2)/('1D'!$I$5*MAX(F23, 0.1)^2), 1/3))), ($L$2)-E1396))), IF(IFERROR(W23, 0)=0, MAX(MAX('1D'!$D$16, MAX('1D'!$D$16, POWER((ABS(K23)^2)/('1D'!$I$5*MAX(F23, 0.1)^2), 1/3))), IFERROR(W1396, MAX(MAX('1D'!$D$16, MAX('1D'!$D$16, POWER((ABS(K23)^2)/('1D'!$I$5*MAX(F23, 0.1)^2), 1/3))), ($L$2)-E1396))), IF(OR(IFERROR(AD23, 0)>=1, IFERROR(AD24, 0)>=1), MAX('1D'!$D$16, MAX('1D'!$D$16, POWER((ABS(K23)^2)/('1D'!$I$5*MAX(F23, 0.1)^2), 1/3))), IF(ABS(IFERROR(AF23, 0))<'1D'!$D$19, MAX(MAX('1D'!$D$16, MAX('1D'!$D$16, POWER((ABS(K23)^2)/('1D'!$I$5*MAX(F23, 0.1)^2), 1/3))), IFERROR(W23, 0)), MAX(MAX('1D'!$D$16, MAX('1D'!$D$16, POWER((ABS(K23)^2)/('1D'!$I$5*MAX(F23, 0.1)^2), 1/3))), (IFERROR(W23, 0))+((IFERROR(AF23, 0))*'1D'!$D$18))))))) -> 1.9443404 | X23: =((F23)+(G23)*(W23))*(W23) -> 11.666042 | Y23: =(((F23)+(G23)*(W23))*(W23))/MAX((F23)+2*(W23)*SQRT(1+(G23)^2), 0.000001) -> 1.179737 | Z23: =ABS(K23)/MAX(((F23)+(G23)*(W23))*(W23), 0.000001) -> 4.3673767 | AA23: =E23+W23 -> 636.21634 | AB23: =AA23+((ABS(K23)/MAX(((F23)+(G23)*(W23))*(W23), 0.000001))^2)/(2*'1D'!$I$5) -> 637.18851 | AC23: =((ABS(K23)*'1D'!$D$6)/(MAX(((F23)+(G23)*(W23))*(W23), 0.000001)*MAX(((((F23)+(G23)*(W23))*(W23))/MAX((F23)+2*(W23)*SQRT(1+(G23)^2), 0.000001))^(2/3), 0.000001)))^2 -> 0.0034427876 | AD23: =ABS(ABS(K23)/MAX(((F23)+(G23)*(W23))*(W23), 0.000001))/SQRT('1D'!$I$5*MAX((((F23)+(G23)*(W23))*(W23))/MAX((F23)+2*(G23)*(W23), 0.000001), 0.000001)) -> 1 | AE23: =((F23)*(W23)^2)/2+(G23)*(W23)^3/3+(ABS(K23)^2)/('1D'!$I$5*MAX(((F23)+(G23)*(W23))*(W23), 0.000001)) -> 34.024135 | AF23: =IF($A$2=0, 0, IFERROR(AB24+(((AC23+AC24)/2)*J24)+(IF(Z23>Z24, '1D'!$D$8*((Z23^2-Z24^2)/(2*'1D'!$I$5)), '1D'!$D$9*((Z24^2-Z23^2)/(2*'1D'!$I$5)))+('1D'!$D$10*(ABS(I24)/90)*(MAX(Z23^2, Z24^2)/(2*'1D'!$I$5))))-AB23, 0)) -> 0.0014427876 | AG23: =IF($A$2=0, 1, IF(IFERROR(AG24, 0)=0, 0, IFERROR(IF(OR(ROUND(AD23, 3)>=1, AND(ABS(AF23)<'1D'!$D$19, AD23<1)), 1, 0), 0))) -> 1 | AH23: =IFERROR(IF('1D'!V32="Supercritical", MAX('1D'!$D$16, IFERROR(L23, MAX('1D'!$D$16, POWER((ABS(K23)^2)/('1D'!$I$5*MAX(F23, 0.1)^2), 1/3)))), IF('1D'!V32="Subcritical", MAX('1D'!$D$16, IFERROR(W23, MAX('1D'!$D$16, POWER((ABS(K23)^2)/('1D'!$I$5*MAX(F23, 0.1)^2), 1/3)))), IF(IFERROR(T23, -1E+99)>=IFERROR(AE23, -1E+99), MAX('1D'!$D$16, IFERROR(L23, MAX('1D'!$D$16, POWER((ABS(K23)^2)/('1D'!$I$5*MAX(F23, 0.1)^2), 1/3)))), MAX('1D'!$D$16, IFERROR(W23, MAX('1D'!$D$16, POWER((ABS(K23)^2)/('1D'!$I$5*MAX(F23, 0.1)^2), 1/3))))))), MAX('1D'!$D$16, POWER((ABS(K23)^2)/('1D'!$I$5*MAX(F23, 0.1)^2), 1/3))) -> 1.9443404 | AI23: =E23+AH23 -> 636.21634 | AJ23: =AI23+((ABS(K23)/MAX(((F23)+(G23)*(AH23))*(AH23), 0.000001))^2)/(2*'1D'!$I$5) -> 637.18851 | AM23: 0 | AN23: 0 | AO23: =AM23+AN23 -> 0 | AP23: =AP22+AO23 -> 0 | AQ23: =ABS(ABS(K23)/MAX(((F23)+(G23)*(AH23))*(AH23), 0.000001))/SQRT('1D'!$I$5*MAX((((F23)+(G23)*(AH23))*(AH23))/MAX((F23)+2*(G23)*(AH23), 0.000001), 0.000001)) -> 1 | AR23: =IF(AQ23<1, "Subcritical", "Supercritical") -> Supercritical | AS23: =((ABS(K23)*'1D'!$D$6)/(MAX(((F23)+(G23)*(AH23))*(AH23), 0.000001)*MAX(((((F23)+(G23)*(AH23))*(AH23))/MAX((F23)+2*(AH23)*SQRT(1+(G23)^2), 0.000001))^(2/3), 0.000001)))^2 -> 0.0034427876
A24: 15 | B24: 14 | C24: 616542.76 | D24: 3097756 | E24: 634.27 | F24: 6 | G24: 0 | H24: Normal | I24: 0 | J24: =B24-B23 -> 1 | K24: =MAX(0, K23-AO23) -> 50.95 | L24: =IF($A$2=0, IFERROR(L23, MAX('1D'!$D$16, POWER((ABS(K24)^2)/('1D'!$I$5*MAX(F24, 0.1)^2), 1/3))), IF(IFERROR(V23, 0)=0, IFERROR(L23, MAX('1D'!$D$16, POWER((ABS(K24)^2)/('1D'!$I$5*MAX(F24, 0.1)^2), 1/3))), IF(OR(IFERROR(L24, 0)=0, IFERROR(S23, 0)<1, IFERROR(S24, 0)<1), MAX('1D'!$D$16, POWER((ABS(K24)^2)/('1D'!$I$5*MAX(F24, 0.1)^2), 1/3)), IF(IFERROR(U24, 0)>0, MAX('1D'!$D$16, IFERROR(L24, 0)+((IFERROR(U24, 0))*'1D'!$D$18*IF((IFERROR(S24, 0))<1, 1, -1))), IF(IFERROR(U24, 0)<0, IF(ABS((MAX('1D'!$D$16, POWER((ABS(K24)^2)/('1D'!$I$5*MAX(F24, 0.1)^2), 1/3)))-IFERROR(L24, 0))>'1D'!$D$19, MAX('1D'!$D$16, IF((MAX('1D'!$D$16, POWER((ABS(K24)^2)/('1D'!$I$5*MAX(F24, 0.1)^2), 1/3)))>IFERROR(L24, 0), MIN((MAX('1D'!$D$16, POWER((ABS(K24)^2)/('1D'!$I$5*MAX(F24, 0.1)^2), 1/3))), IFERROR(L24, 0)+(MIN(ABS(IFERROR(U24, 0))*'1D'!$D$18, ABS((MAX('1D'!$D$16, POWER((ABS(K24)^2)/('1D'!$I$5*MAX(F24, 0.1)^2), 1/3)))-IFERROR(L24, 0))))), MAX((MAX('1D'!$D$16, POWER((ABS(K24)^2)/('1D'!$I$5*MAX(F24, 0.1)^2), 1/3))), IFERROR(L24, 0)-(MIN(ABS(IFERROR(U24, 0))*'1D'!$D$18, ABS((MAX('1D'!$D$16, POWER((ABS(K24)^2)/('1D'!$I$5*MAX(F24, 0.1)^2), 1/3)))-IFERROR(L24, 0))))))), MAX('1D'!$D$16, POWER((ABS(K24)^2)/('1D'!$I$5*MAX(F24, 0.1)^2), 1/3))), MAX('1D'!$D$16, IFERROR(L24, 0))))))) -> 1.9443404 | M24: =((F24)+(G24)*(L24))*(L24) -> 11.666042 | N24: =(((F24)+(G24)*(L24))*(L24))/MAX((F24)+2*(L24)*SQRT(1+(G24)^2), 0.000001) -> 1.179737 | O24: =ABS(K24)/MAX(((F24)+(G24)*(L24))*(L24), 0.000001) -> 4.3673767 | P24: =E24+L24 -> 636.21434 | Q24: =P24+((ABS(K24)/MAX(((F24)+(G24)*(L24))*(L24), 0.000001))^2)/(2*'1D'!$I$5) -> 637.18651 | R24: =((ABS(K24)*'1D'!$D$6)/(MAX(((F24)+(G24)*(L24))*(L24), 0.000001)*MAX(((((F24)+(G24)*(L24))*(L24))/MAX((F24)+2*(L24)*SQRT(1+(G24)^2), 0.000001))^(2/3), 0.000001)))^2 -> 0.0034427876 | S24: =ABS(ABS(K24)/MAX(((F24)+(G24)*(L24))*(L24), 0.000001))/SQRT('1D'!$I$5*MAX((((F24)+(G24)*(L24))*(L24))/MAX((F24)+2*(G24)*(L24), 0.000001), 0.000001)) -> 1 | T24: =((F24)*(L24)^2)/2+(G24)*(L24)^3/3+(ABS(K24)^2)/('1D'!$I$5*MAX(((F24)+(G24)*(L24))*(L24), 0.000001)) -> 34.024135 | U24: =IF($A$2=0, 0, IFERROR(Q23-(((R23+R24)/2)*J24)-(IF(O23>O24, '1D'!$D$8*((O23^2-O24^2)/(2*'1D'!$I$5)), '1D'!$D$9*((O24^2-O23^2)/(2*'1D'!$I$5)))+('1D'!$D$10*(ABS(I24)/90)*(MAX(O23^2, O24^2)/(2*'1D'!$I$5))))-Q24, 0)) -> -0.0014427876 | V24: =IF($A$2=0, 1, IF(IFERROR(V23, 0)=0, 0, IFERROR(IF(ROUND(S24, 3)=1, 1, IF(AND(ABS(U24)<'1D'!$D$19, S24>1), 1, 0)), 0))) -> 1 | W24: =IF($A$2=0, MAX(MAX('1D'!$D$16, MAX('1D'!$D$16, POWER((ABS(K24)^2)/('1D'!$I$5*MAX(F24, 0.1)^2), 1/3))), IFERROR(W1396, MAX(MAX('1D'!$D$16, MAX('1D'!$D$16, POWER((ABS(K24)^2)/('1D'!$I$5*MAX(F24, 0.1)^2), 1/3))), ($L$2)-E1396))), IF(IFERROR(AG25, 0)=0, MAX(MAX('1D'!$D$16, MAX('1D'!$D$16, POWER((ABS(K24)^2)/('1D'!$I$5*MAX(F24, 0.1)^2), 1/3))), IFERROR(W1396, MAX(MAX('1D'!$D$16, MAX('1D'!$D$16, POWER((ABS(K24)^2)/('1D'!$I$5*MAX(F24, 0.1)^2), 1/3))), ($L$2)-E1396))), IF(IFERROR(W24, 0)=0, MAX(MAX('1D'!$D$16, MAX('1D'!$D$16, POWER((ABS(K24)^2)/('1D'!$I$5*MAX(F24, 0.1)^2), 1/3))), IFERROR(W1396, MAX(MAX('1D'!$D$16, MAX('1D'!$D$16, POWER((ABS(K24)^2)/('1D'!$I$5*MAX(F24, 0.1)^2), 1/3))), ($L$2)-E1396))), IF(OR(IFERROR(AD24, 0)>=1, IFERROR(AD25, 0)>=1), MAX('1D'!$D$16, MAX('1D'!$D$16, POWER((ABS(K24)^2)/('1D'!$I$5*MAX(F24, 0.1)^2), 1/3))), IF(ABS(IFERROR(AF24, 0))<'1D'!$D$19, MAX(MAX('1D'!$D$16, MAX('1D'!$D$16, POWER((ABS(K24)^2)/('1D'!$I$5*MAX(F24, 0.1)^2), 1/3))), IFERROR(W24, 0)), MAX(MAX('1D'!$D$16, MAX('1D'!$D$16, POWER((ABS(K24)^2)/('1D'!$I$5*MAX(F24, 0.1)^2), 1/3))), (IFERROR(W24, 0))+((IFERROR(AF24, 0))*'1D'!$D$18))))))) -> 1.9443404 | X24: =((F24)+(G24)*(W24))*(W24) -> 11.666042 | Y24: =(((F24)+(G24)*(W24))*(W24))/MAX((F24)+2*(W24)*SQRT(1+(G24)^2), 0.000001) -> 1.179737 | Z24: =ABS(K24)/MAX(((F24)+(G24)*(W24))*(W24), 0.000001) -> 4.3673767 | AA24: =E24+W24 -> 636.21434 | AB24: =AA24+((ABS(K24)/MAX(((F24)+(G24)*(W24))*(W24), 0.000001))^2)/(2*'1D'!$I$5) -> 637.18651 | AC24: =((ABS(K24)*'1D'!$D$6)/(MAX(((F24)+(G24)*(W24))*(W24), 0.000001)*MAX(((((F24)+(G24)*(W24))*(W24))/MAX((F24)+2*(W24)*SQRT(1+(G24)^2), 0.000001))^(2/3), 0.000001)))^2 -> 0.0034427876 | AD24: =ABS(ABS(K24)/MAX(((F24)+(G24)*(W24))*(W24), 0.000001))/SQRT('1D'!$I$5*MAX((((F24)+(G24)*(W24))*(W24))/MAX((F24)+2*(G24)*(W24), 0.000001), 0.000001)) -> 1 | AE24: =((F24)*(W24)^2)/2+(G24)*(W24)^3/3+(ABS(K24)^2)/('1D'!$I$5*MAX(((F24)+(G24)*(W24))*(W24), 0.000001)) -> 34.024135 | AF24: =IF($A$2=0, 0, IFERROR(AB25+(((AC24+AC25)/2)*J25)+(IF(Z24>Z25, '1D'!$D$8*((Z24^2-Z25^2)/(2*'1D'!$I$5)), '1D'!$D$9*((Z25^2-Z24^2)/(2*'1D'!$I$5)))+('1D'!$D$10*(ABS(I25)/90)*(MAX(Z24^2, Z25^2)/(2*'1D'!$I$5))))-AB24, 0)) -> 0.0015302829 | AG24: =IF($A$2=0, 1, IF(IFERROR(AG25, 0)=0, 0, IFERROR(IF(OR(ROUND(AD24, 3)>=1, AND(ABS(AF24)<'1D'!$D$19, AD24<1)), 1, 0), 0))) -> 1 | AH24: =IFERROR(IF('1D'!V32="Supercritical", MAX('1D'!$D$16, IFERROR(L24, MAX('1D'!$D$16, POWER((ABS(K24)^2)/('1D'!$I$5*MAX(F24, 0.1)^2), 1/3)))), IF('1D'!V32="Subcritical", MAX('1D'!$D$16, IFERROR(W24, MAX('1D'!$D$16, POWER((ABS(K24)^2)/('1D'!$I$5*MAX(F24, 0.1)^2), 1/3)))), IF(IFERROR(T24, -1E+99)>=IFERROR(AE24, -1E+99), MAX('1D'!$D$16, IFERROR(L24, MAX('1D'!$D$16, POWER((ABS(K24)^2)/('1D'!$I$5*MAX(F24, 0.1)^2), 1/3)))), MAX('1D'!$D$16, IFERROR(W24, MAX('1D'!$D$16, POWER((ABS(K24)^2)/('1D'!$I$5*MAX(F24, 0.1)^2), 1/3))))))), MAX('1D'!$D$16, POWER((ABS(K24)^2)/('1D'!$I$5*MAX(F24, 0.1)^2), 1/3))) -> 1.9443404 | AI24: =E24+AH24 -> 636.21434 | AJ24: =AI24+((ABS(K24)/MAX(((F24)+(G24)*(AH24))*(AH24), 0.000001))^2)/(2*'1D'!$I$5) -> 637.18651 | AM24: 0 | AN24: 0 | AO24: =AM24+AN24 -> 0 | AP24: =AP23+AO24 -> 0 | AQ24: =ABS(ABS(K24)/MAX(((F24)+(G24)*(AH24))*(AH24), 0.000001))/SQRT('1D'!$I$5*MAX((((F24)+(G24)*(AH24))*(AH24))/MAX((F24)+2*(G24)*(AH24), 0.000001), 0.000001)) -> 1 | AR24: =IF(AQ24<1, "Subcritical", "Supercritical") -> Supercritical | AS24: =((ABS(K24)*'1D'!$D$6)/(MAX(((F24)+(G24)*(AH24))*(AH24), 0.000001)*MAX(((((F24)+(G24)*(AH24))*(AH24))/MAX((F24)+2*(AH24)*SQRT(1+(G24)^2), 0.000001))^(2/3), 0.000001)))^2 -> 0.0034427876
A25: 16 | B25: 15 | C25: 616541.81 | D25: 3097755.6 | E25: 634.268 | F25: 6 | G25: 0 | H25: Normal | I25: 0.054 | J25: =B25-B24 -> 1 | K25: =MAX(0, K24-AO24) -> 50.95 | L25: =IF($A$2=0, IFERROR(L24, MAX('1D'!$D$16, POWER((ABS(K25)^2)/('1D'!$I$5*MAX(F25, 0.1)^2), 1/3))), IF(IFERROR(V24, 0)=0, IFERROR(L24, MAX('1D'!$D$16, POWER((ABS(K25)^2)/('1D'!$I$5*MAX(F25, 0.1)^2), 1/3))), IF(OR(IFERROR(L25, 0)=0, IFERROR(S24, 0)<1, IFERROR(S25, 0)<1), MAX('1D'!$D$16, POWER((ABS(K25)^2)/('1D'!$I$5*MAX(F25, 0.1)^2), 1/3)), IF(IFERROR(U25, 0)>0, MAX('1D'!$D$16, IFERROR(L25, 0)+((IFERROR(U25, 0))*'1D'!$D$18*IF((IFERROR(S25, 0))<1, 1, -1))), IF(IFERROR(U25, 0)<0, IF(ABS((MAX('1D'!$D$16, POWER((ABS(K25)^2)/('1D'!$I$5*MAX(F25, 0.1)^2), 1/3)))-IFERROR(L25, 0))>'1D'!$D$19, MAX('1D'!$D$16, IF((MAX('1D'!$D$16, POWER((ABS(K25)^2)/('1D'!$I$5*MAX(F25, 0.1)^2), 1/3)))>IFERROR(L25, 0), MIN((MAX('1D'!$D$16, POWER((ABS(K25)^2)/('1D'!$I$5*MAX(F25, 0.1)^2), 1/3))), IFERROR(L25, 0)+(MIN(ABS(IFERROR(U25, 0))*'1D'!$D$18, ABS((MAX('1D'!$D$16, POWER((ABS(K25)^2)/('1D'!$I$5*MAX(F25, 0.1)^2), 1/3)))-IFERROR(L25, 0))))), MAX((MAX('1D'!$D$16, POWER((ABS(K25)^2)/('1D'!$I$5*MAX(F25, 0.1)^2), 1/3))), IFERROR(L25, 0)-(MIN(ABS(IFERROR(U25, 0))*'1D'!$D$18, ABS((MAX('1D'!$D$16, POWER((ABS(K25)^2)/('1D'!$I$5*MAX(F25, 0.1)^2), 1/3)))-IFERROR(L25, 0))))))), MAX('1D'!$D$16, POWER((ABS(K25)^2)/('1D'!$I$5*MAX(F25, 0.1)^2), 1/3))), MAX('1D'!$D$16, IFERROR(L25, 0))))))) -> 1.9443404 | M25: =((F25)+(G25)*(L25))*(L25) -> 11.666042 | N25: =(((F25)+(G25)*(L25))*(L25))/MAX((F25)+2*(L25)*SQRT(1+(G25)^2), 0.000001) -> 1.179737 | O25: =ABS(K25)/MAX(((F25)+(G25)*(L25))*(L25), 0.000001) -> 4.3673767 | P25: =E25+L25 -> 636.21234 | Q25: =P25+((ABS(K25)/MAX(((F25)+(G25)*(L25))*(L25), 0.000001))^2)/(2*'1D'!$I$5) -> 637.18451 | R25: =((ABS(K25)*'1D'!$D$6)/(MAX(((F25)+(G25)*(L25))*(L25), 0.000001)*MAX(((((F25)+(G25)*(L25))*(L25))/MAX((F25)+2*(L25)*SQRT(1+(G25)^2), 0.000001))^(2/3), 0.000001)))^2 -> 0.0034427876 | S25: =ABS(ABS(K25)/MAX(((F25)+(G25)*(L25))*(L25), 0.000001))/SQRT('1D'!$I$5*MAX((((F25)+(G25)*(L25))*(L25))/MAX((F25)+2*(G25)*(L25), 0.000001), 0.000001)) -> 1 | T25: =((F25)*(L25)^2)/2+(G25)*(L25)^3/3+(ABS(K25)^2)/('1D'!$I$5*MAX(((F25)+(G25)*(L25))*(L25), 0.000001)) -> 34.024135 | U25: =IF($A$2=0, 0, IFERROR(Q24-(((R24+R25)/2)*J25)-(IF(O24>O25, '1D'!$D$8*((O24^2-O25^2)/(2*'1D'!$I$5)), '1D'!$D$9*((O25^2-O24^2)/(2*'1D'!$I$5)))+('1D'!$D$10*(ABS(I25)/90)*(MAX(O24^2, O25^2)/(2*'1D'!$I$5))))-Q25, 0)) -> -0.0015302829 | V25: =IF($A$2=0, 1, IF(IFERROR(V24, 0)=0, 0, IFERROR(IF(ROUND(S25, 3)=1, 1, IF(AND(ABS(U25)<'1D'!$D$19, S25>1), 1, 0)), 0))) -> 1 | W25: =IF($A$2=0, MAX(MAX('1D'!$D$16, MAX('1D'!$D$16, POWER((ABS(K25)^2)/('1D'!$I$5*MAX(F25, 0.1)^2), 1/3))), IFERROR(W1396, MAX(MAX('1D'!$D$16, MAX('1D'!$D$16, POWER((ABS(K25)^2)/('1D'!$I$5*MAX(F25, 0.1)^2), 1/3))), ($L$2)-E1396))), IF(IFERROR(AG26, 0)=0, MAX(MAX('1D'!$D$16, MAX('1D'!$D$16, POWER((ABS(K25)^2)/('1D'!$I$5*MAX(F25, 0.1)^2), 1/3))), IFERROR(W1396, MAX(MAX('1D'!$D$16, MAX('1D'!$D$16, POWER((ABS(K25)^2)/('1D'!$I$5*MAX(F25, 0.1)^2), 1/3))), ($L$2)-E1396))), IF(IFERROR(W25, 0)=0, MAX(MAX('1D'!$D$16, MAX('1D'!$D$16, POWER((ABS(K25)^2)/('1D'!$I$5*MAX(F25, 0.1)^2), 1/3))), IFERROR(W1396, MAX(MAX('1D'!$D$16, MAX('1D'!$D$16, POWER((ABS(K25)^2)/('1D'!$I$5*MAX(F25, 0.1)^2), 1/3))), ($L$2)-E1396))), IF(OR(IFERROR(AD25, 0)>=1, IFERROR(AD26, 0)>=1), MAX('1D'!$D$16, MAX('1D'!$D$16, POWER((ABS(K25)^2)/('1D'!$I$5*MAX(F25, 0.1)^2), 1/3))), IF(ABS(IFERROR(AF25, 0))<'1D'!$D$19, MAX(MAX('1D'!$D$16, MAX('1D'!$D$16, POWER((ABS(K25)^2)/('1D'!$I$5*MAX(F25, 0.1)^2), 1/3))), IFERROR(W25, 0)), MAX(MAX('1D'!$D$16, MAX('1D'!$D$16, POWER((ABS(K25)^2)/('1D'!$I$5*MAX(F25, 0.1)^2), 1/3))), (IFERROR(W25, 0))+((IFERROR(AF25, 0))*'1D'!$D$18))))))) -> 1.9443404 | X25: =((F25)+(G25)*(W25))*(W25) -> 11.666042 | Y25: =(((F25)+(G25)*(W25))*(W25))/MAX((F25)+2*(W25)*SQRT(1+(G25)^2), 0.000001) -> 1.179737 | Z25: =ABS(K25)/MAX(((F25)+(G25)*(W25))*(W25), 0.000001) -> 4.3673767 | AA25: =E25+W25 -> 636.21234 | AB25: =AA25+((ABS(K25)/MAX(((F25)+(G25)*(W25))*(W25), 0.000001))^2)/(2*'1D'!$I$5) -> 637.18451 | AC25: =((ABS(K25)*'1D'!$D$6)/(MAX(((F25)+(G25)*(W25))*(W25), 0.000001)*MAX(((((F25)+(G25)*(W25))*(W25))/MAX((F25)+2*(W25)*SQRT(1+(G25)^2), 0.000001))^(2/3), 0.000001)))^2 -> 0.0034427876 | AD25: =ABS(ABS(K25)/MAX(((F25)+(G25)*(W25))*(W25), 0.000001))/SQRT('1D'!$I$5*MAX((((F25)+(G25)*(W25))*(W25))/MAX((F25)+2*(G25)*(W25), 0.000001), 0.000001)) -> 1 | AE25: =((F25)*(W25)^2)/2+(G25)*(W25)^3/3+(ABS(K25)^2)/('1D'!$I$5*MAX(((F25)+(G25)*(W25))*(W25), 0.000001)) -> 34.024135 | AF25: =IF($A$2=0, 0, IFERROR(AB26+(((AC25+AC26)/2)*J26)+(IF(Z25>Z26, '1D'!$D$8*((Z25^2-Z26^2)/(2*'1D'!$I$5)), '1D'!$D$9*((Z26^2-Z25^2)/(2*'1D'!$I$5)))+('1D'!$D$10*(ABS(I26)/90)*(MAX(Z25^2, Z26^2)/(2*'1D'!$I$5))))-AB25, 0)) -> 0.0015302829 | AG25: =IF($A$2=0, 1, IF(IFERROR(AG26, 0)=0, 0, IFERROR(IF(OR(ROUND(AD25, 3)>=1, AND(ABS(AF25)<'1D'!$D$19, AD25<1)), 1, 0), 0))) -> 1 | AH25: =IFERROR(IF('1D'!V32="Supercritical", MAX('1D'!$D$16, IFERROR(L25, MAX('1D'!$D$16, POWER((ABS(K25)^2)/('1D'!$I$5*MAX(F25, 0.1)^2), 1/3)))), IF('1D'!V32="Subcritical", MAX('1D'!$D$16, IFERROR(W25, MAX('1D'!$D$16, POWER((ABS(K25)^2)/('1D'!$I$5*MAX(F25, 0.1)^2), 1/3)))), IF(IFERROR(T25, -1E+99)>=IFERROR(AE25, -1E+99), MAX('1D'!$D$16, IFERROR(L25, MAX('1D'!$D$16, POWER((ABS(K25)^2)/('1D'!$I$5*MAX(F25, 0.1)^2), 1/3)))), MAX('1D'!$D$16, IFERROR(W25, MAX('1D'!$D$16, POWER((ABS(K25)^2)/('1D'!$I$5*MAX(F25, 0.1)^2), 1/3))))))), MAX('1D'!$D$16, POWER((ABS(K25)^2)/('1D'!$I$5*MAX(F25, 0.1)^2), 1/3))) -> 1.9443404 | AI25: =E25+AH25 -> 636.21234 | AJ25: =AI25+((ABS(K25)/MAX(((F25)+(G25)*(AH25))*(AH25), 0.000001))^2)/(2*'1D'!$I$5) -> 637.18451 | AM25: 0 | AN25: 0 | AO25: =AM25+AN25 -> 0 | AP25: =AP24+AO25 -> 0 | AQ25: =ABS(ABS(K25)/MAX(((F25)+(G25)*(AH25))*(AH25), 0.000001))/SQRT('1D'!$I$5*MAX((((F25)+(G25)*(AH25))*(AH25))/MAX((F25)+2*(G25)*(AH25), 0.000001), 0.000001)) -> 1 | AR25: =IF(AQ25<1, "Subcritical", "Supercritical") -> Supercritical | AS25: =((ABS(K25)*'1D'!$D$6)/(MAX(((F25)+(G25)*(AH25))*(AH25), 0.000001)*MAX(((((F25)+(G25)*(AH25))*(AH25))/MAX((F25)+2*(AH25)*SQRT(1+(G25)^2), 0.000001))^(2/3), 0.000001)))^2 -> 0.0034427876
A26: 17 | B26: 16 | C26: 616540.86 | D26: 3097755.3 | E26: 634.266 | F26: 6 | G26: 0 | H26: Normal | I26: 0.054 | J26: =B26-B25 -> 1 | K26: =MAX(0, K25-AO25) -> 50.95 | L26: =IF($A$2=0, IFERROR(L25, MAX('1D'!$D$16, POWER((ABS(K26)^2)/('1D'!$I$5*MAX(F26, 0.1)^2), 1/3))), IF(IFERROR(V25, 0)=0, IFERROR(L25, MAX('1D'!$D$16, POWER((ABS(K26)^2)/('1D'!$I$5*MAX(F26, 0.1)^2), 1/3))), IF(OR(IFERROR(L26, 0)=0, IFERROR(S25, 0)<1, IFERROR(S26, 0)<1), MAX('1D'!$D$16, POWER((ABS(K26)^2)/('1D'!$I$5*MAX(F26, 0.1)^2), 1/3)), IF(IFERROR(U26, 0)>0, MAX('1D'!$D$16, IFERROR(L26, 0)+((IFERROR(U26, 0))*'1D'!$D$18*IF((IFERROR(S26, 0))<1, 1, -1))), IF(IFERROR(U26, 0)<0, IF(ABS((MAX('1D'!$D$16, POWER((ABS(K26)^2)/('1D'!$I$5*MAX(F26, 0.1)^2), 1/3)))-IFERROR(L26, 0))>'1D'!$D$19, MAX('1D'!$D$16, IF((MAX('1D'!$D$16, POWER((ABS(K26)^2)/('1D'!$I$5*MAX(F26, 0.1)^2), 1/3)))>IFERROR(L26, 0), MIN((MAX('1D'!$D$16, POWER((ABS(K26)^2)/('1D'!$I$5*MAX(F26, 0.1)^2), 1/3))), IFERROR(L26, 0)+(MIN(ABS(IFERROR(U26, 0))*'1D'!$D$18, ABS((MAX('1D'!$D$16, POWER((ABS(K26)^2)/('1D'!$I$5*MAX(F26, 0.1)^2), 1/3)))-IFERROR(L26, 0))))), MAX((MAX('1D'!$D$16, POWER((ABS(K26)^2)/('1D'!$I$5*MAX(F26, 0.1)^2), 1/3))), IFERROR(L26, 0)-(MIN(ABS(IFERROR(U26, 0))*'1D'!$D$18, ABS((MAX('1D'!$D$16, POWER((ABS(K26)^2)/('1D'!$I$5*MAX(F26, 0.1)^2), 1/3)))-IFERROR(L26, 0))))))), MAX('1D'!$D$16, POWER((ABS(K26)^2)/('1D'!$I$5*MAX(F26, 0.1)^2), 1/3))), MAX('1D'!$D$16, IFERROR(L26, 0))))))) -> 1.9443404 | M26: =((F26)+(G26)*(L26))*(L26) -> 11.666042 | N26: =(((F26)+(G26)*(L26))*(L26))/MAX((F26)+2*(L26)*SQRT(1+(G26)^2), 0.000001) -> 1.179737 | O26: =ABS(K26)/MAX(((F26)+(G26)*(L26))*(L26), 0.000001) -> 4.3673767 | P26: =E26+L26 -> 636.21034 | Q26: =P26+((ABS(K26)/MAX(((F26)+(G26)*(L26))*(L26), 0.000001))^2)/(2*'1D'!$I$5) -> 637.18251 | R26: =((ABS(K26)*'1D'!$D$6)/(MAX(((F26)+(G26)*(L26))*(L26), 0.000001)*MAX(((((F26)+(G26)*(L26))*(L26))/MAX((F26)+2*(L26)*SQRT(1+(G26)^2), 0.000001))^(2/3), 0.000001)))^2 -> 0.0034427876 | S26: =ABS(ABS(K26)/MAX(((F26)+(G26)*(L26))*(L26), 0.000001))/SQRT('1D'!$I$5*MAX((((F26)+(G26)*(L26))*(L26))/MAX((F26)+2*(G26)*(L26), 0.000001), 0.000001)) -> 1 | T26: =((F26)*(L26)^2)/2+(G26)*(L26)^3/3+(ABS(K26)^2)/('1D'!$I$5*MAX(((F26)+(G26)*(L26))*(L26), 0.000001)) -> 34.024135 | U26: =IF($A$2=0, 0, IFERROR(Q25-(((R25+R26)/2)*J26)-(IF(O25>O26, '1D'!$D$8*((O25^2-O26^2)/(2*'1D'!$I$5)), '1D'!$D$9*((O26^2-O25^2)/(2*'1D'!$I$5)))+('1D'!$D$10*(ABS(I26)/90)*(MAX(O25^2, O26^2)/(2*'1D'!$I$5))))-Q26, 0)) -> -0.0015302829 | V26: =IF($A$2=0, 1, IF(IFERROR(V25, 0)=0, 0, IFERROR(IF(ROUND(S26, 3)=1, 1, IF(AND(ABS(U26)<'1D'!$D$19, S26>1), 1, 0)), 0))) -> 1 | W26: =IF($A$2=0, MAX(MAX('1D'!$D$16, MAX('1D'!$D$16, POWER((ABS(K26)^2)/('1D'!$I$5*MAX(F26, 0.1)^2), 1/3))), IFERROR(W1396, MAX(MAX('1D'!$D$16, MAX('1D'!$D$16, POWER((ABS(K26)^2)/('1D'!$I$5*MAX(F26, 0.1)^2), 1/3))), ($L$2)-E1396))), IF(IFERROR(AG27, 0)=0, MAX(MAX('1D'!$D$16, MAX('1D'!$D$16, POWER((ABS(K26)^2)/('1D'!$I$5*MAX(F26, 0.1)^2), 1/3))), IFERROR(W1396, MAX(MAX('1D'!$D$16, MAX('1D'!$D$16, POWER((ABS(K26)^2)/('1D'!$I$5*MAX(F26, 0.1)^2), 1/3))), ($L$2)-E1396))), IF(IFERROR(W26, 0)=0, MAX(MAX('1D'!$D$16, MAX('1D'!$D$16, POWER((ABS(K26)^2)/('1D'!$I$5*MAX(F26, 0.1)^2), 1/3))), IFERROR(W1396, MAX(MAX('1D'!$D$16, MAX('1D'!$D$16, POWER((ABS(K26)^2)/('1D'!$I$5*MAX(F26, 0.1)^2), 1/3))), ($L$2)-E1396))), IF(OR(IFERROR(AD26, 0)>=1, IFERROR(AD27, 0)>=1), MAX('1D'!$D$16, MAX('1D'!$D$16, POWER((ABS(K26)^2)/('1D'!$I$5*MAX(F26, 0.1)^2), 1/3))), IF(ABS(IFERROR(AF26, 0))<'1D'!$D$19, MAX(MAX('1D'!$D$16, MAX('1D'!$D$16, POWER((ABS(K26)^2)/('1D'!$I$5*MAX(F26, 0.1)^2), 1/3))), IFERROR(W26, 0)), MAX(MAX('1D'!$D$16, MAX('1D'!$D$16, POWER((ABS(K26)^2)/('1D'!$I$5*MAX(F26, 0.1)^2), 1/3))), (IFERROR(W26, 0))+((IFERROR(AF26, 0))*'1D'!$D$18))))))) -> 1.9443404 | X26: =((F26)+(G26)*(W26))*(W26) -> 11.666042 | Y26: =(((F26)+(G26)*(W26))*(W26))/MAX((F26)+2*(W26)*SQRT(1+(G26)^2), 0.000001) -> 1.179737 | Z26: =ABS(K26)/MAX(((F26)+(G26)*(W26))*(W26), 0.000001) -> 4.3673767 | AA26: =E26+W26 -> 636.21034 | AB26: =AA26+((ABS(K26)/MAX(((F26)+(G26)*(W26))*(W26), 0.000001))^2)/(2*'1D'!$I$5) -> 637.18251 | AC26: =((ABS(K26)*'1D'!$D$6)/(MAX(((F26)+(G26)*(W26))*(W26), 0.000001)*MAX(((((F26)+(G26)*(W26))*(W26))/MAX((F26)+2*(W26)*SQRT(1+(G26)^2), 0.000001))^(2/3), 0.000001)))^2 -> 0.0034427876 | AD26: =ABS(ABS(K26)/MAX(((F26)+(G26)*(W26))*(W26), 0.000001))/SQRT('1D'!$I$5*MAX((((F26)+(G26)*(W26))*(W26))/MAX((F26)+2*(G26)*(W26), 0.000001), 0.000001)) -> 1 | AE26: =((F26)*(W26)^2)/2+(G26)*(W26)^3/3+(ABS(K26)^2)/('1D'!$I$5*MAX(((F26)+(G26)*(W26))*(W26), 0.000001)) -> 34.024135 | AF26: =IF($A$2=0, 0, IFERROR(AB27+(((AC26+AC27)/2)*J27)+(IF(Z26>Z27, '1D'!$D$8*((Z26^2-Z27^2)/(2*'1D'!$I$5)), '1D'!$D$9*((Z27^2-Z26^2)/(2*'1D'!$I$5)))+('1D'!$D$10*(ABS(I27)/90)*(MAX(Z26^2, Z27^2)/(2*'1D'!$I$5))))-AB26, 0)) -> 0.0014427876 | AG26: =IF($A$2=0, 1, IF(IFERROR(AG27, 0)=0, 0, IFERROR(IF(OR(ROUND(AD26, 3)>=1, AND(ABS(AF26)<'1D'!$D$19, AD26<1)), 1, 0), 0))) -> 1 | AH26: =IFERROR(IF('1D'!V32="Supercritical", MAX('1D'!$D$16, IFERROR(L26, MAX('1D'!$D$16, POWER((ABS(K26)^2)/('1D'!$I$5*MAX(F26, 0.1)^2), 1/3)))), IF('1D'!V32="Subcritical", MAX('1D'!$D$16, IFERROR(W26, MAX('1D'!$D$16, POWER((ABS(K26)^2)/('1D'!$I$5*MAX(F26, 0.1)^2), 1/3)))), IF(IFERROR(T26, -1E+99)>=IFERROR(AE26, -1E+99), MAX('1D'!$D$16, IFERROR(L26, MAX('1D'!$D$16, POWER((ABS(K26)^2)/('1D'!$I$5*MAX(F26, 0.1)^2), 1/3)))), MAX('1D'!$D$16, IFERROR(W26, MAX('1D'!$D$16, POWER((ABS(K26)^2)/('1D'!$I$5*MAX(F26, 0.1)^2), 1/3))))))), MAX('1D'!$D$16, POWER((ABS(K26)^2)/('1D'!$I$5*MAX(F26, 0.1)^2), 1/3))) -> 1.9443404 | AI26: =E26+AH26 -> 636.21034 | AJ26: =AI26+((ABS(K26)/MAX(((F26)+(G26)*(AH26))*(AH26), 0.000001))^2)/(2*'1D'!$I$5) -> 637.18251 | AM26: 0 | AN26: 0 | AO26: =AM26+AN26 -> 0 | AP26: =AP25+AO26 -> 0 | AQ26: =ABS(ABS(K26)/MAX(((F26)+(G26)*(AH26))*(AH26), 0.000001))/SQRT('1D'!$I$5*MAX((((F26)+(G26)*(AH26))*(AH26))/MAX((F26)+2*(G26)*(AH26), 0.000001), 0.000001)) -> 1 | AR26: =IF(AQ26<1, "Subcritical", "Supercritical") -> Supercritical | AS26: =((ABS(K26)*'1D'!$D$6)/(MAX(((F26)+(G26)*(AH26))*(AH26), 0.000001)*MAX(((((F26)+(G26)*(AH26))*(AH26))/MAX((F26)+2*(AH26)*SQRT(1+(G26)^2), 0.000001))^(2/3), 0.000001)))^2 -> 0.0034427876
